486;0;487;0
485;1;487;1
484;2;487;2
482;3;486;3
517;3;518;3
481;4;485;4
516;4;518;4
479;5;484;5
514;5;517;5
477;6;482;6
513;6;516;6
476;7;479;7
501;7;504;7
512;7;515;7
475;8;479;8
500;8;506;8
511;8;514;8
527;8;529;8
471;9;480;9
499;9;506;9
510;9;513;9
521;9;532;9
470;10;475;10
479;10;481;10
498;10;504;10
509;10;512;10
519;10;534;10
469;11;474;11
497;11;499;11
509;11;511;11
517;11;529;11
531;11;534;11
469;12;473;12
496;12;498;12
516;12;528;12
468;13;472;13
486;13;491;13
495;13;498;13
508;13;509;13
514;13;522;13
523;13;529;13
467;14;471;14
481;14;492;14
495;14;499;14
506;14;509;14
513;14;521;14
524;14;531;14
467;15;471;15
478;15;491;15
495;15;509;15
512;15;521;15
523;15;533;15
467;16;470;16
475;16;486;16
487;16;490;16
496;16;534;16
465;17;470;17
473;17;486;17
487;17;489;17
497;17;506;17
507;17;535;17
464;18;470;18
473;18;480;18
483;18;489;18
497;18;535;18
462;19;469;19
474;19;479;19
482;19;489;19
496;19;525;19
526;19;535;19
461;20;468;20
475;20;479;20
481;20;491;20
495;20;523;20
526;20;530;20
531;20;536;20
459;21;464;21
475;21;487;21
488;21;523;21
526;21;529;21
531;21;536;21
458;22;462;22
474;22;486;22
489;22;523;22
526;22;530;22
531;22;536;22
541;22;543;22
458;23;462;23
475;23;486;23
489;23;524;23
525;23;535;23
541;23;545;23
457;24;463;24
466;24;469;24
478;24;486;24
489;24;534;24
542;24;546;24
456;25;464;25
465;25;470;25
479;25;534;25
537;25;538;25
544;25;548;25
451;26;470;26
480;26;516;26
520;26;526;26
532;26;533;26
536;26;539;26
546;26;549;26
450;27;476;27
479;27;513;27
522;27;525;27
536;27;539;27
546;27;549;27
441;28;446;28
450;28;460;28
461;28;507;28
510;28;512;28
543;28;548;28
438;29;448;29
456;29;506;29
510;29;512;29
543;29;547;29
435;30;448;30
455;30;502;30
510;30;512;30
523;30;525;30
536;30;537;30
434;31;448;31
452;31;502;31
509;31;520;31
522;31;529;31
534;31;537;31
550;31;556;31
432;32;437;32
440;32;502;32
503;32;505;32
509;32;530;32
532;32;536;32
550;32;557;32
431;33;433;33
440;33;505;33
508;33;534;33
551;33;553;33
431;34;432;34
439;34;526;34
528;34;532;34
545;34;546;34
429;35;431;35
438;35;524;35
542;35;546;35
429;36;432;36
436;36;525;36
540;36;545;36
428;37;526;37
527;37;529;37
539;37;544;37
555;37;556;37
427;38;529;38
538;38;543;38
555;38;556;38
427;39;530;39
554;39;557;39
426;40;533;40
554;40;557;40
426;41;538;41
554;41;558;41
561;41;563;41
425;42;540;42
548;42;549;42
556;42;565;42
425;43;551;43
556;43;566;43
424;44;552;44
557;44;560;44
564;44;568;44
423;45;545;45
546;45;552;45
565;45;569;45
423;46;544;46
549;46;552;46
565;46;569;46
422;47;545;47
565;47;570;47
422;48;545;48
564;48;571;48
421;49;546;49
564;49;575;49
419;50;547;50
550;50;553;50
555;50;559;50
568;50;576;50
418;51;560;51
568;51;578;51
417;52;562;52
569;52;579;52
416;53;563;53
569;53;580;53
415;54;562;54
574;54;580;54
414;55;561;55
577;55;581;55
413;56;561;56
567;56;568;56
412;57;561;57
566;57;570;57
411;58;561;58
566;58;571;58
410;59;561;59
566;59;571;59
576;59;577;59
410;60;561;60
566;60;572;60
576;60;577;60
409;61;561;61
565;61;572;61
575;61;577;61
408;62;561;62
564;62;572;62
575;62;577;62
407;63;561;63
564;63;573;63
576;63;577;63
581;63;583;63
406;64;536;64
540;64;562;64
564;64;573;64
576;64;577;64
581;64;584;64
406;65;535;65
540;65;573;65
576;65;578;65
581;65;585;65
405;66;536;66
540;66;568;66
569;66;573;66
576;66;578;66
581;66;586;66
405;67;567;67
570;67;573;67
577;67;579;67
581;67;586;67
405;68;563;68
565;68;567;68
570;68;573;68
577;68;578;68
581;68;586;68
404;69;562;69
565;69;567;69
570;69;573;69
582;69;586;69
404;70;537;70
538;70;563;70
565;70;573;70
582;70;586;70
404;71;536;71
539;71;544;71
546;71;573;71
582;71;585;71
404;72;544;72
549;72;574;72
581;72;585;72
404;73;525;73
526;73;544;73
552;73;576;73
582;73;586;73
404;74;525;74
527;74;535;74
536;74;545;74
553;74;577;74
582;74;588;74
403;75;525;75
527;75;547;75
553;75;556;75
559;75;568;75
569;75;577;75
583;75;590;75
403;76;547;76
553;76;555;76
560;76;567;76
570;76;577;76
583;76;590;76
402;77;540;77
553;77;555;77
560;77;568;77
569;77;577;77
583;77;591;77
402;78;538;78
554;78;555;78
560;78;578;78
583;78;587;78
589;78;591;78
401;79;536;79
559;79;564;79
565;79;578;79
583;79;586;79
401;80;534;80
557;80;564;80
566;80;578;80
584;80;586;80
400;81;509;81
511;81;525;81
557;81;564;81
566;81;579;81
584;81;586;81
400;82;508;82
512;82;516;82
520;82;524;82
557;82;564;82
566;82;579;82
584;82;585;82
400;83;509;83
512;83;516;83
521;83;523;83
558;83;565;83
567;83;579;83
583;83;585;83
400;84;516;84
561;84;565;84
567;84;579;84
582;84;585;84
399;85;516;85
562;85;564;85
568;85;578;85
581;85;585;85
399;86;513;86
515;86;517;86
568;86;575;86
581;86;585;86
360;87;361;87
399;87;511;87
515;87;528;87
568;87;574;87
581;87;585;87
359;88;361;88
399;88;511;88
515;88;527;88
569;88;574;88
581;88;585;88
359;89;361;89
399;89;510;89
515;89;518;89
523;89;527;89
569;89;575;89
580;89;585;89
594;89;596;89
359;90;361;90
399;90;447;90
449;90;467;90
468;90;510;90
569;90;576;90
579;90;584;90
593;90;596;90
359;91;361;91
399;91;447;91
449;91;509;91
569;91;584;91
592;91;596;91
360;92;361;92
399;92;447;92
449;92;453;92
458;92;488;92
490;92;508;92
567;92;579;92
581;92;583;92
589;92;596;92
399;93;453;93
458;93;483;93
485;93;487;93
490;93;507;93
511;93;514;93
567;93;578;93
588;93;595;93
399;94;452;94
458;94;478;94
486;94;505;94
510;94;514;94
567;94;578;94
588;94;595;94
398;95;452;95
457;95;470;95
473;95;477;95
486;95;498;95
501;95;503;95
510;95;514;95
571;95;579;95
588;95;594;95
399;96;452;96
456;96;469;96
473;96;476;96
486;96;497;96
511;96;514;96
573;96;580;96
588;96;594;96
359;97;360;97
399;97;451;97
454;97;465;97
474;97;476;97
482;97;483;97
486;97;490;97
507;97;514;97
573;97;581;97
588;97;593;97
359;98;360;98
399;98;451;98
454;98;464;98
474;98;476;98
481;98;484;98
486;98;489;98
507;98;514;98
574;98;583;98
588;98;592;98
359;99;360;99
399;99;450;99
453;99;463;99
469;99;470;99
480;99;489;99
509;99;511;99
574;99;584;99
588;99;591;99
359;100;360;100
399;100;450;100
452;100;458;100
460;100;464;100
469;100;472;100
479;100;482;100
484;100;489;100
522;100;524;100
574;100;585;100
588;100;591;100
359;101;360;101
399;101;457;101
461;101;464;101
471;101;472;101
479;101;480;101
485;101;489;101
522;101;524;101
574;101;585;101
588;101;590;101
358;102;360;102
399;102;453;102
461;102;463;102
485;102;489;102
499;102;501;102
521;102;522;102
575;102;585;102
588;102;590;102
358;103;360;103
399;103;452;103
461;103;463;103
485;103;488;103
520;103;522;103
575;103;584;103
588;103;590;103
358;104;360;104
399;104;451;104
458;104;463;104
520;104;522;104
576;104;585;104
589;104;591;104
358;105;360;105
399;105;450;105
458;105;462;105
576;105;585;105
358;106;360;106
399;106;444;106
445;106;450;106
576;106;586;106
358;107;360;107
399;107;443;107
446;107;449;107
577;107;586;107
358;108;360;108
399;108;442;108
558;108;560;108
577;108;586;108
358;109;360;109
399;109;442;109
558;109;560;109
577;109;585;109
358;110;360;110
400;110;442;110
557;110;561;110
578;110;585;110
358;111;359;111
400;111;441;111
557;111;561;111
578;111;585;111
358;112;359;112
400;112;441;112
489;112;491;112
558;112;560;112
579;112;585;112
358;113;359;113
400;113;441;113
488;113;492;113
579;113;585;113
358;114;359;114
401;114;440;114
487;114;490;114
491;114;494;114
580;114;585;114
401;115;440;115
492;115;496;115
498;115;500;115
580;115;586;115
401;116;439;116
492;116;497;116
582;116;586;116
358;117;359;117
400;117;439;117
492;117;496;117
564;117;565;117
583;117;586;117
358;118;359;118
400;118;439;118
491;118;493;118
564;118;566;118
583;118;586;118
593;118;594;118
358;119;359;119
400;119;439;119
563;119;567;119
583;119;586;119
592;119;595;119
358;120;359;120
400;120;439;120
521;120;522;120
583;120;586;120
592;120;595;120
358;121;359;121
400;121;439;121
583;121;585;121
591;121;595;121
358;122;359;122
400;122;439;122
500;122;503;122
584;122;585;122
591;122;595;122
358;123;359;123
400;123;438;123
499;123;503;123
584;123;585;123
591;123;595;123
401;124;438;124
498;124;503;124
584;124;586;124
591;124;594;124
401;125;438;125
497;125;503;125
585;125;587;125
401;126;438;126
497;126;502;126
585;126;588;126
401;127;438;127
497;127;500;127
521;127;522;127
585;127;588;127
401;128;438;128
498;128;500;128
503;128;504;128
520;128;522;128
585;128;588;128
401;129;438;129
476;129;477;129
498;129;501;129
502;129;505;129
520;129;521;129
585;129;588;129
357;130;358;130
401;130;438;130
499;130;506;130
527;130;529;130
585;130;588;130
191;131;195;131
357;131;358;131
401;131;438;131
499;131;504;131
527;131;528;131
585;131;588;131
190;132;197;132
230;132;233;132
357;132;358;132
401;132;438;132
499;132;503;132
585;132;588;132
189;133;198;133
229;133;235;133
266;133;270;133
356;133;358;133
401;133;438;133
499;133;502;133
585;133;587;133
188;134;198;134
228;134;236;134
265;134;271;134
356;134;358;134
401;134;438;134
499;134;501;134
584;134;587;134
187;135;195;135
227;135;236;135
264;135;273;135
356;135;358;135
402;135;439;135
499;135;501;135
584;135;587;135
71;136;77;136
187;136;193;136
226;136;236;136
263;136;273;136
357;136;358;136
402;136;439;136
499;136;501;136
584;136;587;136
69;137;82;137
186;137;192;137
225;137;232;137
263;137;273;137
357;137;358;137
402;137;439;137
584;137;587;137
67;138;82;138
186;138;191;138
225;138;231;138
262;138;269;138
403;138;439;138
584;138;587;138
66;139;82;139
185;139;191;139
224;139;230;139
261;139;268;139
403;139;439;139
467;139;469;139
584;139;587;139
65;140;82;140
144;140;149;140
184;140;190;140
223;140;229;140
261;140;267;140
403;140;439;140
467;140;469;140
584;140;587;140
590;140;592;140
64;141;71;141
76;141;82;141
143;141;150;141
184;141;189;141
223;141;228;141
260;141;266;141
403;141;439;141
499;141;500;141
584;141;587;141
590;141;591;141
63;142;69;142
76;142;82;142
143;142;150;142
183;142;188;142
222;142;228;142
260;142;265;142
356;142;358;142
404;142;439;142
499;142;502;142
563;142;565;142
584;142;587;142
590;142;591;142
62;143;68;143
76;143;81;143
142;143;148;143
183;143;188;143
222;143;227;143
259;143;264;143
356;143;358;143
404;143;439;143
500;143;505;143
564;143;566;143
584;143;591;143
61;144;67;144
76;144;81;144
142;144;147;144
182;144;187;144
208;144;211;144
221;144;226;144
258;144;264;144
356;144;357;144
404;144;439;144
495;144;496;144
501;144;505;144
564;144;566;144
584;144;591;144
60;145;66;145
76;145;81;145
141;145;146;145
182;145;187;145
207;145;211;145
221;145;226;145
258;145;263;145
356;145;357;145
404;145;439;145
492;145;496;145
501;145;504;145
565;145;567;145
584;145;591;145
59;146;65;146
76;146;80;146
141;146;146;146
182;146;186;146
206;146;211;146
220;146;225;146
257;146;262;146
404;146;438;146
486;146;487;146
492;146;496;146
500;146;503;146
565;146;568;146
584;146;590;146
58;147;64;147
76;147;80;147
140;147;145;147
181;147;186;147
205;147;209;147
220;147;225;147
257;147;262;147
405;147;436;147
493;147;495;147
500;147;502;147
509;147;511;147
565;147;568;147
584;147;590;147
57;148;63;148
140;148;144;148
181;148;185;148
204;148;208;148
219;148;224;148
257;148;261;148
405;148;435;148
506;148;511;148
524;148;525;148
566;148;569;148
584;148;589;148
56;149;62;149
139;149;144;149
180;149;185;149
203;149;207;149
219;149;224;149
256;149;261;149
356;149;357;149
405;149;435;149
505;149;511;149
523;149;525;149
566;149;569;149
584;149;589;149
56;150;61;150
139;150;144;150
180;150;184;150
203;150;205;150
219;150;223;150
256;150;260;150
356;150;357;150
405;150;435;150
505;150;511;150
523;150;525;150
567;150;570;150
584;150;588;150
55;151;61;151
138;151;144;151
179;151;184;151
203;151;204;151
218;151;223;151
255;151;260;151
356;151;357;151
406;151;435;151
505;151;510;151
533;151;536;151
567;151;570;151
584;151;588;151
54;152;60;152
138;152;144;152
179;152;183;152
218;152;222;152
255;152;259;152
356;152;357;152
406;152;435;152
505;152;510;152
532;152;536;152
568;152;571;152
584;152;587;152
54;153;59;153
101;153;104;153
137;153;144;153
179;153;183;153
217;153;222;153
254;153;259;153
356;153;357;153
406;153;434;153
474;153;480;153
506;153;509;153
533;153;536;153
568;153;571;153
584;153;587;153
53;154;58;154
92;154;95;154
100;154;105;154
117;154;121;154
136;154;144;154
178;154;182;154
217;154;221;154
254;154;258;154
355;154;357;154
407;154;434;154
473;154;485;154
569;154;571;154
584;154;587;154
53;155;58;155
79;155;81;155
91;155;97;155
99;155;106;155
115;155;122;155
134;155;146;155
178;155;182;155
217;155;221;155
253;155;258;155
356;155;357;155
407;155;434;155
470;155;492;155
500;155;501;155
507;155;508;155
569;155;572;155
584;155;587;155
52;156;57;156
67;156;84;156
90;156;106;156
114;156;127;156
133;156;147;156
153;156;154;156
177;156;182;156
216;156;220;156
253;156;257;156
356;156;357;156
408;156;433;156
467;156;496;156
498;156;502;156
507;156;509;156
523;156;526;156
568;156;572;156
584;156;587;156
52;157;57;157
66;157;84;157
89;157;106;157
113;157;128;157
133;157;147;157
151;157;155;157
166;157;170;157
177;157;181;157
195;157;199;157
216;157;220;157
253;157;257;157
408;157;433;157
466;157;503;157
505;157;508;157
523;157;526;157
553;157;565;157
566;157;572;157
584;157;587;157
591;157;594;157
598;157;600;157
51;158;56;158
67;158;84;158
89;158;106;158
112;158;128;158
133;158;142;158
151;158;156;158
165;158;170;158
177;158;181;158
194;158;201;158
215;158;220;158
230;158;233;158
252;158;257;158
408;158;432;158
465;158;508;158
524;158;525;158
534;158;536;158
539;158;541;158
549;158;572;158
577;158;578;158
584;158;594;158
598;158;600;158
51;159;56;159
69;159;83;159
88;159;105;159
111;159;117;159
120;159;128;159
134;159;141;159
150;159;155;159
164;159;170;159
176;159;181;159
193;159;206;159
215;159;219;159
229;159;241;159
252;159;256;159
265;159;267;159
408;159;432;159
464;159;508;159
518;159;520;159
524;159;526;159
533;159;536;159
539;159;543;159
548;159;572;159
576;159;579;159
584;159;593;159
50;160;55;160
71;160;82;160
88;160;105;160
111;160;116;160
121;160;128;160
134;160;140;160
149;160;155;160
164;160;170;160
176;160;180;160
192;160;207;160
215;160;219;160
228;160;242;160
251;160;256;160
264;160;268;160
358;160;405;160
408;160;431;160
464;160;508;160
519;160;520;160
523;160;526;160
540;160;544;160
547;160;580;160
584;160;588;160
50;161;55;161
71;161;81;161
88;161;105;161
110;161;115;161
121;161;127;161
134;161;139;161
149;161;154;161
163;161;169;161
176;161;180;161
191;161;207;161
214;161;219;161
227;161;243;161
251;161;256;161
262;161;270;161
357;161;406;161
408;161;431;161
465;161;508;161
519;161;526;161
541;161;580;161
585;161;587;161
50;162;55;162
71;162;81;162
88;162;97;162
101;162;105;162
109;162;114;162
120;162;127;162
134;162;139;162
148;162;154;162
162;162;169;162
175;162;180;162
190;162;196;162
199;162;207;162
214;162;218;162
227;162;243;162
251;162;255;162
261;162;270;162
357;162;406;162
409;162;430;162
465;162;509;162
519;162;524;162
541;162;579;162
585;162;588;162
50;163;54;163
71;163;80;163
88;163;96;163
102;163;104;163
108;163;113;163
120;163;127;163
134;163;138;163
148;163;154;163
162;163;168;163
175;163;179;163
189;163;195;163
199;163;206;163
214;163;218;163
226;163;233;163
238;163;243;163
250;163;255;163
260;163;271;163
357;163;404;163
410;163;430;163
457;163;459;163
464;163;472;163
475;163;510;163
513;163;514;163
519;163;523;163
532;163;537;163
540;163;563;163
571;163;579;163
585;163;588;163
49;164;54;164
70;164;80;164
88;164;96;164
107;164;113;164
119;164;126;164
134;164;138;164
148;164;153;164
161;164;168;164
175;164;179;164
188;164;193;164
199;164;206;164
213;164;218;164
226;164;232;164
238;164;244;164
250;164;255;164
259;164;271;164
357;164;367;164
374;164;393;164
410;164;430;164
461;164;471;164
476;164;515;164
519;164;522;164
531;164;563;164
573;164;578;164
586;164;589;164
49;165;54;165
69;165;79;165
88;165;95;165
107;165;112;165
118;165;126;165
133;165;138;165
147;165;153;165
161;165;167;165
174;165;179;165
187;165;193;165
199;165;206;165
213;165;217;165
225;165;231;165
238;165;243;165
250;165;256;165
258;165;270;165
357;165;361;165
410;165;430;165
461;165;470;165
475;165;516;165
520;165;521;165
531;165;564;165
575;165;577;165
588;165;589;165
49;166;54;166
67;166;79;166
88;166;95;166
106;166;111;166
118;166;126;166
133;166;137;166
147;166;152;166
160;166;167;166
174;166;179;166
187;166;192;166
198;166;205;166
213;166;217;166
224;166;230;166
238;166;243;166
249;166;270;166
357;166;360;166
411;166;430;166
465;166;469;166
474;166;518;166
533;166;565;166
588;166;589;166
49;167;54;167
66;167;79;167
87;167;94;167
106;167;110;167
117;167;126;167
133;167;137;167
147;167;152;167
159;167;166;167
174;167;178;167
186;167;191;167
198;167;205;167
212;167;217;167
224;167;229;167
238;167;243;167
249;167;261;167
264;167;269;167
357;167;360;167
411;167;430;167
465;167;470;167
472;167;519;167
534;167;566;167
588;167;590;167
50;168;55;168
65;168;78;168
87;168;94;168
105;168;110;168
116;168;126;168
132;168;137;168
147;168;152;168
159;168;166;168
174;168;178;168
185;168;190;168
197;168;205;168
212;168;217;168
223;168;228;168
238;168;243;168
249;168;260;168
264;168;269;168
356;168;361;168
412;168;430;168
460;168;462;168
465;168;520;168
534;168;567;168
587;168;590;168
50;169;55;169
63;169;69;169
72;169;78;169
87;169;93;169
105;169;109;169
115;169;126;169
132;169;136;169
147;169;151;169
158;169;166;169
173;169;178;169
185;169;189;169
196;169;205;169
212;169;217;169
223;169;228;169
238;169;243;169
248;169;260;169
265;169;267;169
356;169;361;169
412;169;430;169
459;169;463;169
465;169;519;169
534;169;568;169
587;169;590;169
51;170;56;170
60;170;67;170
73;170;78;170
86;170;93;170
104;170;109;170
114;170;126;170
132;170;136;170
147;170;151;170
157;170;166;170
173;170;179;170
184;170;189;170
196;170;205;170
211;170;217;170
223;170;228;170
238;170;242;170
248;170;260;170
356;170;360;170
384;170;386;170
413;170;430;170
460;170;519;170
534;170;569;170
587;170;590;170
52;171;66;171
73;171;78;171
86;171;92;171
104;171;109;171
113;171;126;171
132;171;136;171
147;171;151;171
156;171;166;171
173;171;179;171
183;171;188;171
195;171;205;171
211;171;217;171
222;171;227;171
237;171;242;171
248;171;260;171
356;171;360;171
384;171;386;171
413;171;430;171
460;171;519;171
533;171;570;171
587;171;589;171
53;172;64;172
72;172;77;172
86;172;92;172
104;172;109;172
112;172;125;172
131;172;136;172
146;172;151;172
156;172;166;172
172;172;180;172
183;172;188;172
194;172;205;172
211;172;217;172
222;172;227;172
237;172;242;172
247;172;260;172
356;172;360;172
384;172;385;172
414;172;430;172
460;172;518;172
533;172;572;172
577;172;578;172
587;172;589;172
55;173;62;173
72;173;77;173
85;173;91;173
103;173;114;173
117;173;125;173
131;173;136;173
146;173;151;173
155;173;166;173
172;173;179;173
182;173;187;173
193;173;205;173
210;173;218;173
221;173;227;173
236;173;241;173
247;173;260;173
356;173;360;173
415;173;430;173
460;173;517;173
532;173;573;173
576;173;578;173
587;173;589;173
72;174;77;174
85;174;91;174
103;174;113;174
118;174;124;174
131;174;137;174
139;174;141;174
146;174;152;174
154;174;166;174
172;174;179;174
182;174;187;174
192;174;205;174
210;174;218;174
221;174;226;174
236;174;241;174
247;174;261;174
356;174;359;174
405;174;407;174
415;174;430;174
459;174;516;174
531;174;574;174
575;174;578;174
587;174;589;174
71;175;76;175
85;175;90;175
103;175;112;175
118;175;124;175
131;175;141;175
146;175;165;175
171;175;178;175
182;175;187;175
191;175;204;175
210;175;217;175
221;175;226;175
236;175;240;175
247;175;261;175
356;175;359;175
404;175;409;175
416;175;430;175
458;175;516;175
531;175;579;175
587;175;589;175
71;176;76;176
85;176;90;176
103;176;111;176
118;176;123;176
130;176;140;176
145;176;165;176
171;176;178;176
181;176;188;176
189;176;193;176
196;176;204;176
210;176;217;176
221;176;226;176
235;176;240;176
246;176;261;176
356;176;359;176
404;176;409;176
416;176;430;176
457;176;516;176
531;176;579;176
587;176;589;176
70;177;75;177
86;177;89;177
104;177;110;177
118;177;123;177
130;177;139;177
145;177;155;177
158;177;165;177
171;177;177;177
181;177;192;177
196;177;203;177
209;177;216;177
221;177;226;177
234;177;239;177
246;177;262;177
356;177;359;177
404;177;409;177
417;177;430;177
456;177;516;177
531;177;561;177
562;177;579;177
587;177;590;177
69;178;75;178
104;178;109;178
119;178;122;178
131;178;138;178
146;178;154;178
159;178;164;178
171;178;177;178
181;178;191;178
196;178;203;178
209;178;216;178
221;178;226;178
234;178;239;178
246;178;253;178
256;178;262;178
356;178;359;178
403;178;409;178
420;178;430;178
456;178;516;178
531;178;560;178
562;178;579;178
587;178;590;178
68;179;75;179
120;179;121;179
132;179;137;179
146;179;153;179
159;179;164;179
171;179;176;179
181;179;190;179
196;179;202;179
209;179;215;179
221;179;226;179
233;179;238;179
246;179;252;179
257;179;263;179
287;179;289;179
356;179;359;179
403;179;409;179
420;179;430;179
456;179;492;179
493;179;516;179
531;179;559;179
563;179;569;179
571;179;579;179
587;179;590;179
67;180;74;180
133;180;135;180
147;180;152;180
160;180;163;180
172;180;176;180
181;180;189;180
197;180;202;180
209;180;215;180
221;180;226;180
232;180;237;180
245;180;252;180
258;180;263;180
285;180;290;180
356;180;359;180
403;180;408;180
420;180;430;180
456;180;492;180
494;180;516;180
531;180;559;180
563;180;568;180
572;180;580;180
587;180;590;180
64;181;74;181
161;181;162;181
173;181;175;181
182;181;188;181
197;181;201;181
209;181;214;181
222;181;226;181
231;181;236;181
245;181;251;181
259;181;264;181
285;181;289;181
356;181;359;181
403;181;409;181
421;181;429;181
455;181;491;181
494;181;516;181
531;181;558;181
563;181;567;181
572;181;580;181
587;181;590;181
64;182;73;182
184;182;186;182
198;182;201;182
210;182;214;182
223;182;236;182
245;182;251;182
259;182;264;182
284;182;289;182
356;182;359;182
403;182;409;182
422;182;429;182
455;182;492;182
493;182;516;182
521;182;523;182
531;182;558;182
563;182;567;182
572;182;580;182
587;182;590;182
65;183;73;183
224;183;234;183
246;183;250;183
260;183;265;183
283;183;288;183
356;183;359;183
402;183;409;183
422;183;429;183
454;183;469;183
470;183;515;183
521;183;523;183
532;183;558;183
562;183;566;183
572;183;580;183
587;183;590;183
67;184;72;184
227;184;233;184
246;184;250;184
260;184;266;184
283;184;288;184
356;184;359;184
403;184;408;184
422;184;428;184
454;184;467;184
472;184;515;184
521;184;523;184
532;184;566;184
572;184;580;184
587;184;590;184
261;185;266;185
282;185;287;185
356;185;358;185
403;185;408;185
423;185;428;185
453;185;467;185
473;185;514;185
522;185;524;185
533;185;566;185
572;185;580;185
587;185;590;185
261;186;267;186
282;186;287;186
356;186;359;186
403;186;408;186
423;186;428;186
453;186;467;186
474;186;513;186
533;186;566;186
573;186;580;186
587;186;590;186
262;187;269;187
282;187;286;187
356;187;359;187
403;187;408;187
423;187;428;187
453;187;468;187
474;187;512;187
533;187;565;187
574;187;580;187
587;187;590;187
263;188;273;188
281;188;286;188
356;188;359;188
403;188;408;188
424;188;429;188
452;188;470;188
474;188;512;188
534;188;563;188
587;188;590;188
263;189;274;189
281;189;285;189
355;189;359;189
403;189;408;189
424;189;429;189
452;189;512;189
534;189;560;189
587;189;590;189
264;190;273;190
281;190;285;190
355;190;359;190
404;190;408;190
424;190;429;190
452;190;512;190
534;190;560;190
587;190;590;190
265;191;272;191
281;191;284;191
355;191;359;191
404;191;408;191
416;191;420;191
425;191;429;191
457;191;511;191
535;191;560;191
587;191;590;191
266;192;271;192
282;192;283;192
355;192;359;192
404;192;408;192
414;192;421;192
425;192;429;192
462;192;510;192
536;192;562;192
563;192;566;192
587;192;590;192
268;193;269;193
355;193;359;193
404;193;408;193
413;193;421;193
425;193;429;193
463;193;509;193
520;193;522;193
537;193;566;193
572;193;575;193
587;193;590;193
355;194;359;194
404;194;408;194
412;194;421;194
426;194;429;194
463;194;509;194
520;194;524;194
526;194;528;194
538;194;564;194
572;194;575;194
587;194;590;194
355;195;358;195
404;195;408;195
411;195;421;195
427;195;429;195
464;195;508;195
520;195;529;195
539;195;557;195
572;195;575;195
587;195;590;195
355;196;358;196
405;196;408;196
411;196;421;196
428;196;429;196
455;196;456;196
466;196;507;196
520;196;529;196
539;196;556;196
587;196;590;196
355;197;358;197
405;197;408;197
411;197;420;197
428;197;429;197
456;197;458;197
469;197;505;197
519;197;529;197
541;197;555;197
587;197;590;197
355;198;358;198
405;198;408;198
411;198;420;198
457;198;459;198
470;198;504;198
519;198;522;198
525;198;529;198
543;198;554;198
587;198;590;198
355;199;358;199
405;199;408;199
411;199;420;199
458;199;460;199
469;199;502;199
519;199;521;199
525;199;529;199
539;199;541;199
543;199;554;199
564;199;568;199
573;199;574;199
587;199;590;199
355;200;359;200
405;200;408;200
411;200;419;200
458;200;460;200
469;200;502;200
518;200;521;200
524;200;529;200
538;200;543;200
546;200;555;200
563;200;568;200
573;200;575;200
587;200;590;200
355;201;359;201
406;201;408;201
411;201;419;201
468;201;497;201
518;201;521;201
524;201;530;201
539;201;544;201
550;201;555;201
564;201;567;201
587;201;590;201
355;202;358;202
411;202;419;202
466;202;470;202
474;202;495;202
518;202;521;202
524;202;530;202
540;202;544;202
551;202;556;202
586;202;590;202
355;203;358;203
411;203;419;203
466;203;468;203
475;203;494;203
519;203;520;203
525;203;530;203
540;203;544;203
552;203;556;203
571;203;573;203
586;203;590;203
355;204;358;204
412;204;420;204
461;204;463;204
466;204;467;204
476;204;492;204
527;204;530;204
541;204;545;204
552;204;556;204
571;204;573;204
586;204;590;204
354;205;358;205
413;205;421;205
460;205;464;205
477;205;491;205
527;205;530;205
542;205;545;205
552;205;557;205
586;205;590;205
354;206;358;206
413;206;422;206
459;206;463;206
478;206;480;206
482;206;490;206
526;206;530;206
542;206;546;206
586;206;590;206
354;207;358;207
418;207;423;207
457;207;463;207
478;207;480;207
483;207;489;207
525;207;530;207
543;207;546;207
586;207;590;207
354;208;358;208
419;208;424;208
457;208;464;208
478;208;480;208
484;208;486;208
510;208;511;208
523;208;524;208
526;208;531;208
544;208;547;208
586;208;590;208
354;209;358;209
419;209;424;209
456;209;468;209
473;209;477;209
519;209;524;209
527;209;531;209
544;209;547;209
586;209;589;209
354;210;358;210
411;210;414;210
420;210;424;210
456;210;469;210
473;210;477;210
485;210;487;210
494;210;495;210
528;210;531;210
545;210;547;210
586;210;589;210
0;211;1;211
283;211;284;211
354;211;358;211
410;211;414;211
421;211;423;211
457;211;469;211
473;211;477;211
485;211;487;211
494;211;497;211
499;211;500;211
528;211;532;211
545;211;548;211
570;211;571;211
586;211;589;211
0;212;8;212
281;212;286;212
354;212;358;212
411;212;414;212
460;212;461;212
466;212;470;212
473;212;476;212
496;212;501;212
529;212;532;212
546;212;548;212
586;212;589;212
0;213;11;213
280;213;288;213
354;213;358;213
412;213;414;213
470;213;476;213
497;213;500;213
529;213;532;213
539;213;541;213
546;213;548;213
586;213;590;213
0;214;12;214
279;214;289;214
354;214;358;214
425;214;426;214
471;214;476;214
497;214;498;214
529;214;532;214
540;214;542;214
547;214;548;214
586;214;590;214
10;215;13;215
278;215;289;215
354;215;359;215
424;215;426;215
449;215;450;215
465;215;466;215
472;215;476;215
505;215;509;215
530;215;533;215
540;215;542;215
586;215;590;215
11;216;14;216
278;216;286;216
354;216;359;216
423;216;425;216
463;216;466;216
474;216;475;216
487;216;490;216
504;216;510;216
530;216;533;216
540;216;543;216
586;216;590;216
11;217;14;217
124;217;127;217
277;217;284;217
354;217;358;217
421;217;424;217
462;217;466;217
486;217;489;217
497;217;498;217
504;217;510;217
530;217;534;217
541;217;543;217
586;217;590;217
10;218;15;218
123;218;128;218
276;218;283;218
354;218;358;218
421;218;424;218
456;218;458;218
462;218;466;218
480;218;482;218
495;218;500;218
502;218;510;218
531;218;534;218
541;218;544;218
585;218;590;218
10;219;15;219
122;219;127;219
276;219;282;219
354;219;358;219
454;219;458;219
462;219;466;219
477;219;482;219
493;219;507;219
509;219;511;219
531;219;535;219
541;219;546;219
585;219;589;219
10;220;15;220
121;220;125;220
275;220;281;220
354;220;357;220
454;220;457;220
463;220;465;220
469;220;470;220
492;220;506;220
531;220;536;220
542;220;546;220
585;220;589;220
10;221;15;221
120;221;123;221
275;221;280;221
354;221;357;221
473;221;474;221
492;221;505;221
532;221;536;221
542;221;547;221
585;221;588;221
8;222;9;222
11;222;15;222
119;222;122;222
274;222;279;222
353;222;358;222
472;222;475;222
492;222;505;222
532;222;537;222
543;222;548;222
585;222;588;222
4;223;9;223
11;223;15;223
119;223;121;223
273;223;279;223
353;223;359;223
427;223;429;223
472;223;475;223
491;223;505;223
533;223;537;223
543;223;549;223
584;223;587;223
0;224;9;224
11;224;15;224
32;224;37;224
137;224;141;224
273;224;278;224
330;224;335;224
353;224;358;224
427;224;429;224
472;224;475;224
488;224;505;224
533;224;538;224
544;224;549;224
584;224;588;224
0;225;14;225
30;225;38;225
47;225;49;225
136;225;143;225
272;225;278;225
329;225;335;225
353;225;358;225
427;225;430;225
472;225;475;225
487;225;505;225
513;225;515;225
533;225;538;225
544;225;549;225
584;225;588;225
0;226;3;226
6;226;14;226
29;226;38;226
44;226;55;226
135;226;144;226
272;226;277;226
329;226;335;226
353;226;357;226
426;226;430;226
472;226;474;226
487;226;505;226
513;226;515;226
533;226;539;226
545;226;549;226
584;226;588;226
0;227;3;227
6;227;14;227
28;227;39;227
43;227;59;227
83;227;86;227
134;227;143;227
272;227;277;227
328;227;335;227
353;227;357;227
424;227;430;227
486;227;491;227
494;227;505;227
533;227;539;227
545;227;549;227
584;227;588;227
0;228;13;228
27;228;39;228
43;228;60;228
78;228;86;228
92;228;98;228
134;228;142;228
271;228;276;228
327;228;334;228
353;228;357;228
422;228;429;228
470;228;472;228
485;228;491;228
495;228;505;228
534;228;539;228
545;228;549;228
558;228;559;228
583;228;587;228
0;229;13;229
27;229;38;229
42;229;60;229
76;229;87;229
90;229;105;229
116;229;123;229
133;229;141;229
271;229;276;229
327;229;334;229
353;229;357;229
366;229;368;229
418;229;428;229
470;229;472;229
484;229;489;229
494;229;505;229
528;229;530;229
534;229;539;229
545;229;549;229
583;229;586;229
0;230;13;230
26;230;38;230
42;230;59;230
75;230;87;230
90;230;106;230
114;230;124;230
133;230;141;230
270;230;275;230
326;230;333;230
353;230;356;230
367;230;368;230
419;230;427;230
469;230;471;230
484;230;487;230
493;230;505;230
527;230;531;230
534;230;538;230
545;230;548;230
583;230;586;230
0;231;12;231
25;231;38;231
41;231;44;231
49;231;58;231
74;231;87;231
89;231;106;231
114;231;124;231
132;231;146;231
270;231;275;231
326;231;332;231
353;231;356;231
367;231;368;231
421;231;425;231
469;231;471;231
485;231;486;231
493;231;505;231
527;231;537;231
545;231;548;231
583;231;586;231
0;232;11;232
24;232;38;232
42;232;43;232
50;232;56;232
74;232;86;232
88;232;106;232
113;232;124;232
132;232;148;232
168;232;171;232
182;232;184;232
269;232;274;232
326;232;332;232
353;232;355;232
367;232;369;232
469;232;471;232
474;232;476;232
493;232;498;232
500;232;505;232
528;232;534;232
545;232;548;232
583;232;586;232
0;233;11;233
23;233;37;233
50;233;54;233
74;233;85;233
88;233;92;233
95;233;105;233
112;233;124;233
131;233;149;233
167;233;173;233
180;233;186;233
197;233;199;233
269;233;274;233
325;233;331;233
353;233;355;233
367;233;369;233
473;233;477;233
479;233;480;233
493;233;498;233
501;233;506;233
516;233;517;233
530;233;533;233
544;233;547;233
583;233;586;233
0;234;11;234
23;234;37;234
49;234;53;234
74;234;80;234
88;234;90;234
96;234;104;234
111;234;124;234
131;234;150;234
167;234;173;234
179;234;186;234
195;234;201;234
268;234;273;234
325;234;331;234
353;234;355;234
367;234;369;234
474;234;477;234
479;234;481;234
493;234;498;234
501;234;506;234
513;234;519;234
524;234;528;234
529;234;533;234
537;234;542;234
544;234;546;234
583;234;586;234
2;235;12;235
23;235;36;235
48;235;54;235
74;235;80;235
96;235;102;235
111;235;123;235
130;235;150;235
166;235;174;235
178;235;187;235
194;235;202;235
238;235;240;235
268;235;273;235
324;235;330;235
353;235;356;235
367;235;369;235
474;235;476;235
480;235;482;235
483;235;486;235
493;235;498;235
501;235;508;235
511;235;520;235
524;235;533;235
536;235;546;235
583;235;585;235
3;236;14;236
22;236;35;236
46;236;54;236
74;236;80;236
96;236;101;236
110;236;123;236
130;236;141;236
144;236;150;236
165;236;175;236
177;236;187;236
193;236;203;236
212;236;216;236
228;236;230;236
237;236;241;236
268;236;272;236
324;236;329;236
353;236;356;236
368;236;369;236
493;236;498;236
501;236;521;236
522;236;533;236
536;236;542;236
582;236;585;236
0;237;15;237
22;237;29;237
44;237;55;237
74;237;80;237
95;237;100;237
109;237;123;237
129;237;140;237
145;237;151;237
165;237;187;237
192;237;203;237
211;237;217;237
227;237;231;237
236;237;242;237
250;237;256;237
267;237;272;237
323;237;329;237
353;237;357;237
389;237;392;237
495;237;497;237
501;237;534;237
535;237;541;237
582;237;585;237
0;238;16;238
22;238;27;238
43;238;54;238
75;238;80;238
94;238;101;238
108;238;123;238
129;238;139;238
145;238;150;238
166;238;179;238
181;238;188;238
191;238;203;238
211;238;216;238
226;238;232;238
235;238;243;238
249;238;257;238
267;238;272;238
280;238;283;238
323;238;328;238
353;238;357;238
389;238;392;238
501;238;534;238
536;238;541;238
582;238;585;238
0;239;5;239
15;239;17;239
21;239;27;239
43;239;50;239
75;239;80;239
92;239;101;239
108;239;122;239
129;239;138;239
145;239;150;239
167;239;178;239
181;239;189;239
190;239;194;239
196;239;203;239
210;239;216;239
225;239;231;239
235;239;243;239
248;239;257;239
267;239;272;239
278;239;285;239
299;239;303;239
323;239;328;239
352;239;357;239
389;239;391;239
458;239;460;239
502;239;505;239
507;239;535;239
538;239;540;239
582;239;585;239
0;240;3;240
16;240;18;240
21;240;26;240
43;240;48;240
75;240;80;240
90;240;101;240
108;240;121;240
128;240;137;240
145;240;150;240
167;240;177;240
182;240;193;240
197;240;203;240
210;240;216;240
224;240;231;240
235;240;244;240
247;240;257;240
266;240;271;240
277;240;286;240
297;240;305;240
322;240;327;240
352;240;356;240
459;240;460;240
487;240;490;240
502;240;504;240
507;240;534;240
582;240;585;240
0;241;3;241
16;241;18;241
20;241;26;241
35;241;37;241
43;241;47;241
75;241;80;241
90;241;99;241
107;241;119;241
128;241;136;241
144;241;150;241
167;241;176;241
182;241;192;241
197;241;203;241
209;241;215;241
224;241;230;241
236;241;258;241
266;241;271;241
276;241;286;241
296;241;310;241
322;241;327;241
352;241;356;241
480;241;483;241
487;241;491;241
502;241;504;241
507;241;534;241
582;241;585;241
1;242;3;242
16;242;19;242
20;242;26;242
34;242;37;242
42;242;46;242
76;242;81;242
90;242;96;242
107;242;113;242
127;242;136;242
144;242;149;242
167;242;175;242
182;242;191;242
197;242;203;242
209;242;215;242
223;242;230;242
236;242;258;242
265;242;271;242
275;242;286;242
295;242;311;242
321;242;327;242
352;242;356;242
378;242;379;242
480;242;483;242
487;242;491;242
503;242;504;242
506;242;534;242
582;242;585;242
1;243;4;243
16;243;18;243
20;243;26;243
32;243;36;243
41;243;46;243
76;243;81;243
90;243;94;243
107;243;112;243
127;243;135;243
144;243;149;243
167;243;175;243
182;243;190;243
197;243;202;243
208;243;214;243
222;243;229;243
236;243;248;243
251;243;257;243
265;243;272;243
274;243;286;243
294;243;311;243
321;243;326;243
352;243;356;243
503;243;534;243
582;243;585;243
1;244;5;244
15;244;18;244
20;244;27;244
31;244;35;244
39;244;46;244
76;244;81;244
89;244;93;244
107;244;111;244
126;244;134;244
144;244;149;244
167;244;174;244
181;244;190;244
196;244;202;244
208;244;214;244
222;244;229;244
236;244;247;244
251;244;257;244
265;244;286;244
293;244;300;244
303;244;311;244
321;244;326;244
352;244;356;244
471;244;473;244
494;244;496;244
503;244;522;244
525;244;534;244
581;244;585;244
0;245;6;245
15;245;18;245
20;245;34;245
38;245;47;245
76;245;81;245
88;245;93;245
106;245;111;245
121;245;122;245
126;245;134;245
143;245;148;245
166;245;173;245
181;245;189;245
196;245;202;245
208;245;213;245
221;245;228;245
236;245;246;245
251;245;257;245
264;245;277;245
278;245;285;245
292;245;299;245
303;245;311;245
320;245;325;245
352;245;356;245
471;245;473;245
483;245;485;245
494;245;496;245
503;245;521;245
525;245;535;245
581;245;585;245
0;246;9;246
15;246;18;246
21;246;33;246
37;246;51;246
54;246;55;246
75;246;80;246
87;246;93;246
106;246;111;246
120;246;123;246
125;246;133;246
143;246;148;246
166;246;173;246
181;246;188;246
196;246;202;246
208;246;213;246
220;246;228;246
236;246;245;246
251;246;257;246
264;246;276;246
279;246;285;246
292;246;298;246
303;246;311;246
320;246;325;246
352;246;356;246
471;246;473;246
483;246;485;246
501;246;520;246
525;246;536;246
581;246;585;246
0;247;10;247
14;247;18;247
22;247;32;247
37;247;56;247
75;247;80;247
86;247;93;247
106;247;111;247
119;247;122;247
125;247;132;247
142;247;148;247
166;247;172;247
180;247;188;247
196;247;202;247
208;247;213;247
220;247;228;247
235;247;244;247
251;247;257;247
264;247;276;247
280;247;284;247
291;247;297;247
303;247;310;247
319;247;325;247
352;247;356;247
471;247;472;247
501;247;519;247
524;247;537;247
581;247;585;247
0;248;18;248
23;248;30;248
37;248;56;248
73;248;79;248
84;248;94;248
105;248;111;248
117;248;121;248
125;248;132;248
142;248;147;248
165;248;172;248
180;248;187;248
195;248;203;248
208;248;212;248
219;248;227;248
235;248;243;248
251;248;257;248
263;248;276;248
290;248;296;248
303;248;310;248
319;248;324;248
352;248;356;248
477;248;480;248
489;248;492;248
503;248;512;248
513;248;519;248
524;248;537;248
581;248;585;248
0;249;1;249
3;249;18;249
25;249;29;249
37;249;55;249
67;249;78;249
83;249;103;249
105;249;111;249
116;249;120;249
124;249;131;249
141;249;147;249
165;249;171;249
180;249;186;249
195;249;202;249
207;249;212;249
218;249;227;249
235;249;243;249
251;249;257;249
263;249;276;249
289;249;295;249
302;249;309;249
319;249;324;249
352;249;356;249
477;249;480;249
489;249;492;249
504;249;511;249
513;249;519;249
525;249;530;249
533;249;537;249
581;249;584;249
0;250;1;250
4;250;17;250
38;250;40;250
44;250;54;250
67;250;77;250
83;250;103;250
106;250;119;250
124;250;131;250
140;250;146;250
165;250;171;250
179;250;186;250
195;250;202;250
207;250;212;250
217;250;227;250
234;250;242;250
250;250;257;250
263;250;276;250
289;250;294;250
301;250;309;250
319;250;323;250
352;250;356;250
473;250;476;250
504;250;510;250
513;250;518;250
526;250;529;250
534;250;537;250
580;250;584;250
0;251;17;251
48;251;53;251
67;251;76;251
83;251;102;251
106;251;118;251
124;251;130;251
139;251;146;251
164;251;170;251
179;251;185;251
194;251;201;251
207;251;212;251
217;251;227;251
234;251;242;251
250;251;257;251
262;251;276;251
288;251;293;251
300;251;309;251
318;251;323;251
352;251;356;251
473;251;476;251
485;251;486;251
500;251;516;251
526;251;529;251
533;251;538;251
580;251;584;251
0;252;16;252
70;252;74;252
83;252;102;252
107;252;117;252
124;252;130;252
137;252;145;252
164;252;169;252
179;252;185;252
194;252;201;252
207;252;212;252
216;252;227;252
234;252;241;252
250;252;257;252
262;252;276;252
287;252;293;252
300;252;309;252
318;252;322;252
352;252;356;252
362;252;364;252
392;252;393;252
499;252;515;252
526;252;530;252
533;252;538;252
580;252;584;252
0;253;15;253
92;253;101;253
109;253;116;253
123;253;129;253
135;253;144;253
164;253;169;253
178;253;184;253
193;253;200;253
207;253;212;253
215;253;227;253
233;253;240;253
249;253;256;253
262;253;277;253
287;253;292;253
299;253;309;253
318;253;322;253
352;253;356;253
361;253;364;253
391;253;393;253
481;253;483;253
497;253;513;253
526;253;530;253
536;253;537;253
580;253;583;253
0;254;14;254
95;254;99;254
110;254;114;254
123;254;129;254
135;254;143;254
163;254;168;254
178;254;183;254
193;254;200;254
206;254;227;254
233;254;240;254
249;254;256;254
262;254;277;254
286;254;292;254
298;254;309;254
319;254;322;254
352;254;357;254
361;254;365;254
391;254;393;254
436;254;440;254
480;254;482;254
491;254;492;254
495;254;512;254
526;254;529;254
580;254;583;254
0;255;13;255
123;255;128;255
136;255;142;255
163;255;168;255
178;255;183;255
193;255;199;255
206;255;226;255
232;255;239;255
248;255;255;255
261;255;277;255
286;255;291;255
297;255;310;255
352;255;367;255
374;255;379;255
383;255;385;255
391;255;392;255
436;255;440;255
475;255;477;255
479;255;482;255
488;255;505;255
506;255;510;255
526;255;528;255
579;255;583;255
0;256;11;256
122;256;128;256
138;256;141;256
164;256;167;256
178;256;182;256
192;256;198;256
206;256;216;256
219;256;226;256
232;256;238;256
248;256;254;256
261;256;278;256
285;256;291;256
296;256;309;256
352;256;370;256
372;256;385;256
390;256;393;256
438;256;439;256
475;256;482;256
488;256;499;256
579;256;583;256
0;257;9;257
122;257;128;257
165;257;166;257
178;257;182;257
192;257;198;257
206;257;215;257
219;257;226;257
232;257;238;257
248;257;254;257
261;257;268;257
272;257;278;257
285;257;291;257
295;257;309;257
354;257;386;257
389;257;393;257
400;257;401;257
469;257;470;257
477;257;482;257
488;257;498;257
579;257;583;257
0;258;7;258
122;258;127;258
192;258;197;258
207;258;214;258
220;258;225;258
232;258;237;258
247;258;253;258
261;258;268;258
273;258;279;258
285;258;292;258
293;258;298;258
299;258;308;258
332;258;335;258
365;258;394;258
468;258;470;258
491;258;498;258
534;258;538;258
556;258;557;258
579;258;583;258
0;259;7;259
121;259;127;259
193;259;196;259
208;259;213;259
220;259;225;259
232;259;236;259
247;259;253;259
261;259;267;259
274;259;279;259
284;259;296;259
300;259;308;259
330;259;340;259
379;259;395;259
468;259;471;259
491;259;500;259
513;259;516;259
518;259;521;259
532;259;540;259
556;259;558;259
578;259;583;259
0;260;6;260
121;260;127;260
221;260;224;260
232;260;235;260
247;260;252;260
261;260;267;260
274;260;280;260
284;260;295;260
300;260;307;260
316;260;318;260
327;260;329;260
336;260;342;260
346;260;347;260
388;260;396;260
468;260;473;260
490;260;501;260
512;260;525;260
531;260;541;260
548;260;550;260
555;260;558;260
578;260;582;260
0;261;6;261
121;261;126;261
247;261;251;261
261;261;266;261
275;261;281;261
284;261;294;261
300;261;307;261
315;261;319;261
326;261;329;261
338;261;342;261
352;261;355;261
391;261;400;261
469;261;475;261
489;261;500;261
510;261;527;261
530;261;542;261
548;261;551;261
553;261;558;261
578;261;582;261
0;262;6;262
121;262;126;262
247;262;250;262
261;262;265;262
275;262;282;262
283;262;293;262
301;262;306;262
315;262;319;262
325;262;328;262
340;262;342;262
351;262;354;262
394;262;402;262
470;262;476;262
489;262;499;262
507;262;543;262
550;262;558;262
577;262;582;262
0;263;5;263
120;263;126;263
263;263;264;263
276;263;292;263
301;263;306;263
314;263;319;263
325;263;328;263
351;263;353;263
396;263;403;263
470;263;476;263
489;263;499;263
505;263;544;263
552;263;558;263
577;263;581;263
0;264;5;264
120;264;125;264
276;264;291;264
301;264;305;264
314;264;319;264
324;264;327;264
350;264;352;264
398;264;404;264
471;264;477;264
490;264;500;264
502;264;545;264
552;264;558;264
577;264;581;264
0;265;4;265
120;265;125;265
277;265;290;265
303;265;304;265
315;265;319;265
324;265;326;265
350;265;351;265
399;265;405;265
471;265;478;265
490;265;546;265
552;265;557;265
576;265;580;265
0;266;3;266
120;266;125;266
278;266;290;266
315;266;318;266
324;266;325;266
388;266;390;266
400;266;406;266
473;266;479;266
487;266;547;266
550;266;557;266
576;266;579;266
0;267;3;267
119;267;125;267
278;267;289;267
324;267;325;267
389;267;390;267
402;267;408;267
473;267;478;267
486;267;557;267
576;267;579;267
0;268;3;268
119;268;124;268
279;268;289;268
323;268;325;268
403;268;409;268
427;268;428;268
473;268;477;268
485;268;558;268
575;268;579;268
0;269;3;269
119;269;124;269
280;269;288;269
323;269;327;269
330;269;331;269
405;269;410;269
427;269;429;269
457;269;458;269
474;269;476;269
485;269;559;269
575;269;578;269
0;270;2;270
119;270;124;270
281;270;287;270
323;270;331;270
395;270;396;270
406;270;415;270
428;270;430;270
457;270;458;270
467;270;468;270
481;270;560;270
574;270;578;270
0;271;1;271
118;271;124;271
282;271;286;271
323;271;329;271
352;271;353;271
358;271;361;271
369;271;370;271
394;271;396;271
407;271;416;271
429;271;431;271
457;271;458;271
467;271;470;271
480;271;560;271
574;271;578;271
0;272;1;272
118;272;124;272
324;272;328;272
350;272;371;272
375;272;377;272
385;272;387;272
394;272;396;272
409;272;416;272
429;272;430;272
467;272;471;272
480;272;539;272
542;272;551;272
552;272;560;272
573;272;577;272
0;273;1;273
118;273;124;273
324;273;328;273
339;273;379;273
385;273;386;273
394;273;396;273
411;273;421;273
442;273;444;273
468;273;471;273
480;273;536;273
544;273;546;273
554;273;560;273
573;273;577;273
118;274;124;274
325;274;382;274
412;274;422;274
428;274;429;274
468;274;471;274
479;274;534;274
557;274;560;274
573;274;577;274
118;275;123;275
326;275;353;275
368;275;383;275
414;275;422;275
427;275;429;275
468;275;470;275
476;275;509;275
511;275;514;275
522;275;531;275
532;275;533;275
572;275;576;275
117;276;123;276
328;276;339;276
375;276;384;276
415;276;422;276
427;276;429;276
461;276;464;276
468;276;470;276
475;276;489;276
492;276;496;276
499;276;509;276
511;276;514;276
523;276;529;276
572;276;575;276
1;277;3;277
117;277;123;277
329;277;337;277
378;277;385;277
416;277;422;277
428;277;429;277
462;277;469;277
475;277;488;277
492;277;497;277
498;277;514;277
524;277;529;277
571;277;574;277
0;278;3;278
118;278;123;278
330;278;335;278
380;278;387;278
417;278;423;278
428;278;431;278
463;278;469;278
474;278;488;278
491;278;515;278
517;278;520;278
524;278;530;278
537;278;540;278
554;278;556;278
570;278;574;278
0;279;2;279
118;279;123;279
330;279;334;279
382;279;389;279
419;279;424;279
429;279;431;279
446;279;450;279
464;279;469;279
471;279;520;279
524;279;540;279
553;279;556;279
570;279;574;279
119;280;122;280
329;280;333;280
383;280;391;280
420;280;425;280
429;280;431;280
446;280;450;280
464;280;469;280
470;280;499;280
501;280;520;280
523;280;539;280
554;280;556;280
569;280;574;280
120;281;122;281
326;281;331;281
384;281;392;281
421;281;431;281
446;281;450;281
464;281;498;281
503;281;520;281
523;281;537;281
560;281;562;281
569;281;573;281
326;282;330;282
386;282;392;282
422;282;431;282
446;282;450;282
464;282;478;282
481;282;499;282
502;282;520;282
523;282;536;282
546;282;548;282
560;282;562;282
568;282;572;282
323;283;325;283
372;283;376;283
387;283;393;283
423;283;432;283
445;283;452;283
455;283;456;283
463;283;478;283
480;283;536;283
546;283;548;283
560;283;561;283
568;283;571;283
322;284;324;284
373;284;379;284
389;284;395;284
424;284;432;284
445;284;457;284
460;284;536;284
542;284;543;284
544;284;548;284
567;284;571;284
322;285;323;285
374;285;381;285
390;285;399;285
426;285;432;285
446;285;458;285
460;285;537;285
539;285;550;285
567;285;570;285
375;286;382;286
391;286;399;286
427;286;432;286
449;286;458;286
461;286;551;286
554;286;556;286
566;286;569;286
376;287;383;287
393;287;400;287
428;287;433;287
450;287;458;287
463;287;557;287
565;287;568;287
378;288;383;288
394;288;401;288
429;288;434;288
450;288;458;288
463;288;466;288
468;288;556;288
565;288;567;288
380;289;382;289
395;289;402;289
430;289;436;289
450;289;458;289
463;289;466;289
470;289;555;289
564;289;567;289
397;290;404;290
431;290;437;290
438;290;439;290
448;290;459;290
462;290;466;290
471;290;554;290
563;290;568;290
594;290;596;290
321;291;323;291
398;291;405;291
433;291;441;291
446;291;468;291
471;291;553;291
562;291;568;291
595;291;596;291
319;292;324;292
399;292;406;292
434;292;442;292
446;292;552;292
562;292;567;292
319;293;323;293
369;293;370;293
401;293;407;293
435;293;443;293
447;293;460;293
462;293;550;293
561;293;565;293
319;294;323;294
369;294;371;294
402;294;408;294
436;294;444;294
449;294;459;294
462;294;549;294
560;294;564;294
319;295;323;295
369;295;370;295
403;295;409;295
438;295;444;295
451;295;459;295
461;295;526;295
529;295;539;295
542;295;544;295
546;295;549;295
560;295;564;295
320;296;324;296
326;296;343;296
404;296;411;296
439;296;445;296
451;296;480;296
484;296;525;296
529;296;539;296
547;296;548;296
559;296;563;296
320;297;347;297
349;297;350;297
405;297;412;297
440;297;447;297
451;297;480;297
485;297;525;297
529;297;539;297
558;297;562;297
321;298;328;298
340;298;353;298
407;298;413;298
442;298;448;298
450;298;482;298
485;298;526;298
529;298;538;298
557;298;561;298
322;299;326;299
347;299;357;299
408;299;415;299
443;299;483;299
486;299;511;299
513;299;527;299
530;299;538;299
553;299;561;299
352;300;362;300
409;300;416;300
444;300;483;300
485;300;511;300
513;300;527;300
533;300;537;300
552;300;561;300
355;301;363;301
410;301;418;301
445;301;527;301
534;301;537;301
551;301;561;301
358;302;364;302
412;302;423;302
446;302;527;302
535;302;537;302
550;302;561;302
319;303;320;303
360;303;365;303
401;303;403;303
413;303;423;303
447;303;500;303
502;303;527;303
535;303;537;303
549;303;551;303
554;303;561;303
362;304;368;304
400;304;403;304
414;304;423;304
448;304;495;304
496;304;500;304
502;304;528;304
535;304;538;304
548;304;550;304
555;304;565;304
363;305;369;305
401;305;402;305
416;305;424;305
448;305;531;305
536;305;539;305
547;305;549;305
555;305;566;305
365;306;371;306
417;306;427;306
429;306;431;306
449;306;531;306
555;306;569;306
594;306;595;306
366;307;372;307
419;307;431;307
449;307;531;307
539;307;542;307
544;307;546;307
555;307;571;307
356;308;357;308
367;308;374;308
421;308;431;308
450;308;531;308
535;308;545;308
555;308;558;308
560;308;574;308
311;309;315;309
355;309;358;309
369;309;376;309
423;309;430;309
450;309;531;309
534;309;545;309
555;309;558;309
560;309;577;309
310;310;315;310
355;310;358;310
370;310;377;310
425;310;429;310
437;310;442;310
450;310;544;310
555;310;558;310
561;310;578;310
581;310;584;310
591;310;593;310
310;311;314;311
356;311;357;311
372;311;379;311
433;311;442;311
450;311;542;311
555;311;559;311
562;311;568;311
570;311;584;311
591;311;593;311
310;312;314;312
373;312;380;312
411;312;413;312
433;312;436;312
450;312;540;312
556;312;559;312
563;312;568;312
572;312;584;312
591;312;593;312
310;313;313;313
375;313;382;313
411;313;413;313
450;313;538;313
556;313;560;313
563;313;569;313
573;313;585;313
591;313;593;313
310;314;313;314
319;314;321;314
376;314;384;314
411;314;414;314
450;314;537;314
542;314;543;314
556;314;561;314
564;314;576;314
577;314;585;314
591;314;593;314
310;315;313;315
319;315;322;315
377;315;384;315
411;315;415;315
440;315;443;315
450;315;455;315
457;315;536;315
557;315;561;315
565;315;575;315
579;315;586;315
591;315;592;315
310;316;314;316
319;316;322;316
379;316;385;316
412;316;416;316
441;316;443;316
450;316;455;316
458;316;534;316
557;316;561;316
565;316;576;316
580;316;588;316
311;317;323;317
380;317;386;317
413;317;415;317
450;317;455;317
459;317;532;317
558;317;561;317
566;317;577;317
581;317;589;317
312;318;325;318
349;318;354;318
381;318;387;318
416;318;419;318
450;318;455;318
459;318;530;318
558;318;561;318
566;318;573;318
576;318;580;318
582;318;590;318
313;319;326;319
349;319;353;319
383;319;389;319
398;319;399;319
415;319;420;319
450;319;529;319
558;319;561;319
567;319;572;319
577;319;593;319
315;320;329;320
350;320;352;320
384;320;391;320
398;320;399;320
414;320;422;320
450;320;524;320
526;320;529;320
558;320;561;320
567;320;572;320
579;320;594;320
0;321;11;321
320;321;331;321
334;321;339;321
386;321;392;321
414;321;423;321
450;321;523;321
527;321;529;321
558;321;561;321
567;321;574;321
581;321;594;321
0;322;25;322
325;322;341;322
387;322;393;322
416;322;426;322
450;322;454;322
457;322;523;322
526;322;531;322
558;322;561;322
567;322;576;322
583;322;595;322
0;323;34;323
41;323;42;323
48;323;55;323
331;323;341;323
389;323;394;323
419;323;427;323
450;323;454;323
461;323;524;323
525;323;532;323
558;323;560;323
567;323;570;323
573;323;578;323
585;323;596;323
0;324;44;324
54;324;55;324
334;324;342;324
353;324;355;324
390;324;396;324
426;324;427;324
450;324;455;324
462;324;529;324
530;324;533;324
558;324;560;324
567;324;569;324
575;324;580;324
586;324;597;324
0;325;44;325
317;325;321;325
338;325;343;325
345;325;347;325
353;325;355;325
392;325;398;325
450;325;455;325
463;325;528;325
557;325;559;325
566;325;569;325
575;325;582;325
587;325;598;325
0;326;43;326
70;326;73;326
315;326;322;326
341;326;347;326
393;326;401;326
450;326;455;326
464;326;528;326
557;326;559;326
566;326;569;326
577;326;583;326
588;326;600;326
0;327;43;327
68;327;82;327
314;327;318;327
344;327;347;327
395;327;402;327
428;327;431;327
450;327;454;327
464;327;523;327
525;327;528;327
557;327;559;327
565;327;570;327
581;327;584;327
593;327;600;327
0;328;43;328
68;328;92;328
111;328;114;328
313;328;316;328
346;328;348;328
396;328;407;328
425;328;433;328
449;328;454;328
464;328;523;328
525;328;528;328
556;328;558;328
565;328;572;328
582;328;585;328
595;328;600;328
0;329;42;329
69;329;102;329
109;329;115;329
312;329;314;329
324;329;325;329
348;329;351;329
363;329;365;329
398;329;408;329
427;329;434;329
449;329;454;329
457;329;458;329
464;329;523;329
525;329;528;329
556;329;558;329
564;329;567;329
571;329;574;329
596;329;600;329
0;330;42;330
69;330;102;330
107;330;110;330
113;330;114;330
312;330;314;330
349;330;353;330
363;330;366;330
399;330;409;330
429;330;435;330
449;330;455;330
456;330;459;330
464;330;471;330
472;330;528;330
555;330;557;330
563;330;567;330
572;330;577;330
597;330;600;330
0;331;34;331
38;331;41;331
69;331;103;331
106;331;109;331
120;331;125;331
350;331;353;331
363;331;367;331
404;331;410;331
430;331;435;331
449;331;460;331
464;331;471;331
473;331;513;331
514;331;527;331
533;331;534;331
555;331;556;331
563;331;567;331
573;331;578;331
597;331;600;331
0;332;6;332
9;332;33;332
69;332;76;332
78;332;103;332
106;332;109;332
119;332;135;332
350;332;354;332
363;332;367;332
369;332;370;332
431;332;436;332
449;332;460;332
465;332;471;332
473;332;512;332
515;332;528;332
533;332;534;332
554;332;556;332
562;332;568;332
574;332;580;332
598;332;600;332
0;333;5;333
11;333;33;333
69;333;71;333
73;333;76;333
78;333;103;333
106;333;109;333
119;333;146;333
350;333;359;333
364;333;367;333
435;333;437;333
449;333;460;333
466;333;522;333
525;333;529;333
553;333;555;333
561;333;563;333
567;333;570;333
576;333;581;333
0;334;6;334
12;334;33;334
69;334;71;334
73;334;103;334
106;334;109;334
119;334;155;334
338;334;342;334
350;334;361;334
435;334;438;334
449;334;460;334
465;334;495;334
497;334;506;334
508;334;519;334
525;334;528;334
552;334;555;334
560;334;563;334
567;334;571;334
578;334;583;334
591;334;596;334
0;335;8;335
13;335;33;335
73;335;103;335
106;335;109;335
119;335;167;335
310;335;311;335
338;335;343;335
350;335;361;335
435;335;438;335
449;335;461;335
464;335;518;335
521;335;523;335
552;335;554;335
559;335;563;335
568;335;573;335
579;335;585;335
591;335;597;335
2;336;10;336
14;336;29;336
73;336;103;336
106;336;109;336
119;336;180;336
183;336;184;336
310;336;312;336
338;336;345;336
350;336;361;336
435;336;438;336
449;336;499;336
500;336;517;336
521;336;524;336
551;336;554;336
559;336;563;336
570;336;574;336
580;336;587;336
592;336;598;336
3;337;11;337
15;337;28;337
73;337;102;337
106;337;109;337
119;337;195;337
310;337;312;337
339;337;346;337
349;337;353;337
357;337;361;337
436;337;439;337
449;337;497;337
501;337;509;337
511;337;517;337
520;337;524;337
549;337;553;337
562;337;565;337
572;337;575;337
583;337;588;337
593;337;599;337
4;338;6;338
7;338;12;338
17;338;27;338
70;338;71;338
74;338;77;338
78;338;102;338
106;338;109;338
119;338;209;338
310;338;313;338
340;338;351;338
359;338;362;338
436;338;439;338
449;338;497;338
501;338;509;338
511;338;515;338
520;338;524;338
548;338;552;338
563;338;567;338
574;338;577;338
585;338;589;338
593;338;600;338
9;339;12;339
19;339;27;339
44;339;46;339
69;339;72;339
75;339;102;339
106;339;109;339
119;339;220;339
311;339;313;339
342;339;351;339
360;339;363;339
436;339;439;339
449;339;497;339
500;339;514;339
519;339;524;339
529;339;530;339
547;339;552;339
556;339;557;339
564;339;568;339
576;339;578;339
585;339;589;339
593;339;600;339
10;340;13;340
21;340;28;340
44;340;46;340
69;340;102;340
106;340;109;340
119;340;234;340
311;340;313;340
345;340;351;340
360;340;364;340
437;340;439;340
449;340;463;340
464;340;498;340
499;340;514;340
519;340;525;340
527;340;531;340
546;340;553;340
555;340;559;340
565;340;569;340
577;340;579;340
586;340;588;340
592;340;600;340
11;341;13;341
23;341;31;341
44;341;46;341
61;341;63;341
69;341;102;341
106;341;109;341
119;341;247;341
311;341;314;341
347;341;353;341
359;341;365;341
377;341;378;341
437;341;439;341
449;341;462;341
465;341;514;341
518;341;531;341
545;341;553;341
556;341;560;341
568;341;570;341
578;341;580;341
592;341;600;341
24;342;31;342
44;342;47;342
70;342;102;342
106;342;109;342
119;342;188;342
191;342;264;342
311;342;314;342
348;342;366;342
383;342;388;342
437;342;439;342
449;342;462;342
464;342;523;342
525;342;530;342
544;342;553;342
556;342;562;342
569;342;571;342
579;342;585;342
593;342;598;342
26;343;31;343
44;343;47;343
72;343;77;343
78;343;102;343
106;343;109;343
119;343;188;343
191;343;276;343
312;343;315;343
349;343;367;343
382;343;389;343
420;343;423;343
428;343;429;343
436;343;440;343
449;343;513;343
514;343;522;343
526;343;528;343
542;343;553;343
556;343;563;343
570;343;572;343
580;343;586;343
593;343;598;343
26;344;30;344
44;344;47;344
73;344;76;344
78;344;102;344
106;344;109;344
119;344;188;344
191;344;290;344
312;344;316;344
336;344;338;344
349;344;363;344
366;344;369;344
382;344;388;344
420;344;430;344
436;344;439;344
448;344;512;344
515;344;522;344
541;344;548;344
550;344;558;344
560;344;564;344
570;344;573;344
580;344;586;344
592;344;597;344
28;345;30;345
44;345;48;345
69;345;71;345
73;345;77;345
78;345;102;345
106;345;109;345
119;345;188;345
190;345;298;345
313;345;317;345
336;345;338;345
351;345;352;345
355;345;363;345
366;345;370;345
383;345;387;345
422;345;432;345
436;345;439;345
448;345;512;345
515;345;523;345
526;345;528;345
540;345;546;345
551;345;557;345
562;345;565;345
572;345;574;345
581;345;586;345
589;345;597;345
45;346;48;346
68;346;102;346
105;346;109;346
120;346;309;346
313;346;317;346
336;346;338;346
357;346;363;346
366;346;371;346
422;346;425;346
428;346;432;346
436;346;439;346
448;346;513;346
514;346;528;346
539;346;546;346
552;346;557;346
564;346;566;346
573;346;575;346
582;346;587;346
588;346;597;346
45;347;48;347
68;347;102;347
105;347;109;347
120;347;310;347
314;347;319;347
335;347;338;347
358;347;372;347
428;347;432;347
435;347;438;347
448;347;528;347
537;347;546;347
553;347;560;347
564;347;567;347
574;347;576;347
582;347;597;347
45;348;48;348
68;348;77;348
78;348;102;348
106;348;109;348
120;348;311;348
315;348;320;348
334;348;337;348
340;348;342;348
360;348;373;348
428;348;432;348
435;348;438;348
448;348;529;348
534;348;547;348
554;348;561;348
564;348;568;348
575;348;577;348
586;348;597;348
45;349;48;349
68;349;77;349
79;349;102;349
106;349;109;349
120;349;265;349
267;349;311;349
316;349;321;349
333;349;337;349
340;349;342;349
361;349;375;349
429;349;430;349
434;349;437;349
448;349;538;349
542;349;548;349
550;349;552;349
555;349;562;349
565;349;569;349
576;349;579;349
586;349;594;349
0;350;7;350
45;350;48;350
68;350;77;350
79;350;102;350
106;350;109;350
120;350;308;350
318;350;322;350
331;350;336;350
363;350;376;350
433;350;437;350
448;350;538;350
542;350;553;350
555;350;563;350
566;350;570;350
577;350;580;350
585;350;594;350
0;351;8;351
45;351;47;351
68;351;77;351
79;351;102;351
106;351;109;351
120;351;303;351
319;351;323;351
329;351;335;351
365;351;378;351
433;351;438;351
448;351;539;351
542;351;563;351
568;351;572;351
578;351;580;351
585;351;594;351
0;352;8;352
44;352;47;352
68;352;77;352
79;352;102;352
105;352;109;352
120;352;292;352
320;352;324;352
330;352;334;352
366;352;379;352
432;352;438;352
448;352;540;352
542;352;551;352
553;352;563;352
568;352;574;352
584;352;593;352
0;353;3;353
6;353;9;353
44;353;47;353
68;353;71;353
73;353;77;353
79;353;102;353
105;353;109;353
120;353;289;353
312;353;314;353
322;353;326;353
331;353;333;353
337;353;339;353
368;353;380;353
432;353;438;353
448;353;541;353
543;353;545;353
546;353;551;353
554;353;556;353
557;353;563;353
569;353;574;353
582;353;593;353
594;353;596;353
0;354;2;354
6;354;9;354
44;354;48;354
68;354;71;354
73;354;77;354
79;354;102;354
105;354;109;354
120;354;264;354
265;354;287;354
311;354;314;354
323;354;327;354
336;354;339;354
370;354;381;354
432;354;437;354
448;354;541;354
547;354;552;354
558;354;562;354
569;354;575;354
582;354;593;354
594;354;596;354
0;355;2;355
6;355;10;355
12;355;13;355
44;355;48;355
68;355;102;355
105;355;109;355
120;355;263;355
267;355;285;355
310;355;314;355
324;355;328;355
335;355;339;355
371;355;382;355
433;355;436;355
448;355;457;355
459;355;542;355
548;355;552;355
558;355;563;355
568;355;575;355
582;355;593;355
594;355;596;355
0;356;3;356
7;356;9;356
12;356;14;356
43;356;48;356
68;356;102;356
105;356;109;356
120;356;263;356
267;356;284;356
309;356;315;356
325;356;329;356
334;356;339;356
372;356;378;356
381;356;383;356
448;356;455;356
459;356;522;356
523;356;543;356
548;356;553;356
559;356;563;356
567;356;576;356
582;356;596;356
0;357;3;357
13;357;14;357
43;357;48;357
68;357;102;357
106;357;109;357
120;357;264;357
267;357;283;357
294;357;296;357
309;357;316;357
325;357;329;357
334;357;339;357
374;357;378;357
384;357;387;357
448;357;454;357
459;357;521;357
523;357;544;357
549;357;554;357
559;357;572;357
574;357;575;357
582;357;597;357
0;358;4;358
42;358;46;358
47;358;48;358
68;358;102;358
106;358;109;358
120;358;281;358
290;358;291;358
294;358;297;358
308;358;317;358
325;358;330;358
335;358;338;358
375;358;378;358
385;358;388;358
448;358;454;358
458;358;544;358
550;358;555;358
559;358;571;358
582;358;598;358
0;359;7;359
42;359;45;359
48;359;49;359
68;359;72;359
75;359;102;359
106;359;109;359
120;359;280;359
289;359;292;359
295;359;297;359
300;359;303;359
307;359;316;359
324;359;333;359
336;359;337;359
448;359;454;359
456;359;549;359
551;359;555;359
559;359;569;359
581;359;597;359
0;360;7;360
13;360;14;360
41;360;45;360
48;360;49;360
68;360;72;360
75;360;102;360
106;360;109;360
120;360;278;360
286;360;292;360
300;360;315;360
323;360;334;360
430;360;431;360
437;360;440;360
448;360;556;360
559;360;568;360
581;360;596;360
0;361;7;361
11;361;15;361
40;361;45;361
48;361;50;361
68;361;73;361
74;361;102;361
106;361;109;361
120;361;275;361
286;361;292;361
301;361;315;361
322;361;336;361
391;361;392;361
430;361;431;361
437;361;439;361
447;361;557;361
558;361;566;361
581;361;596;361
0;362;7;362
10;362;15;362
40;362;45;362
48;362;50;362
68;362;102;362
106;362;109;362
120;362;269;362
270;362;271;362
285;362;292;362
301;362;314;362
321;362;336;362
346;362;347;362
390;362;393;362
437;362;438;362
447;362;564;362
580;362;596;362
0;363;7;363
8;363;14;363
39;363;45;363
48;363;50;363
68;363;102;363
105;363;109;363
120;363;267;363
283;363;293;363
296;363;297;363
301;363;313;363
319;363;336;363
346;363;347;363
391;363;393;363
447;363;549;363
552;363;563;363
569;363;570;363
580;363;596;363
0;364;14;364
38;364;46;364
48;364;51;364
68;364;102;364
105;364;109;364
120;364;266;364
282;364;293;364
295;364;298;364
301;364;313;364
318;364;337;364
346;364;347;364
356;364;360;364
363;364;366;364
392;364;394;364
405;364;406;364
447;364;549;364
552;364;563;364
569;364;571;364
580;364;595;364
598;364;599;364
0;365;14;365
37;365;46;365
48;365;51;365
68;365;102;365
105;365;109;365
120;365;265;365
273;365;274;365
282;365;298;365
301;365;314;365
318;365;339;365
347;365;348;365
356;365;367;365
392;365;394;365
405;365;406;365
436;365;437;365
447;365;549;365
551;365;564;365
568;365;571;365
580;365;595;365
598;365;599;365
0;366;14;366
37;366;46;366
48;366;51;366
69;366;102;366
106;366;109;366
120;366;264;366
271;366;275;366
281;366;315;366
319;366;339;366
347;366;348;366
357;366;364;366
392;366;396;366
435;366;438;366
447;366;559;366
561;366;571;366
580;366;599;366
0;367;16;367
17;367;21;367
36;367;42;367
43;367;47;367
48;367;51;367
69;367;73;367
74;367;102;367
106;367;109;367
120;367;263;367
270;367;277;367
279;367;315;367
318;367;340;367
347;367;349;367
358;367;362;367
395;367;397;367
435;367;438;367
447;367;557;367
561;367;571;367
580;367;598;367
0;368;21;368
35;368;41;368
44;368;51;368
69;368;72;368
75;368;102;368
106;368;109;368
120;368;261;368
269;368;282;368
284;368;341;368
348;368;350;368
359;368;361;368
400;368;402;368
435;368;438;368
447;368;556;368
561;368;571;368
580;368;598;368
0;369;21;369
35;369;41;369
44;369;51;369
69;369;72;369
75;369;102;369
106;369;109;369
120;369;260;369
269;369;272;369
275;369;282;369
284;369;342;369
348;369;354;369
401;369;403;369
436;369;438;369
447;369;555;369
561;369;566;369
567;369;570;369
579;369;598;369
0;370;23;370
34;370;41;370
45;370;48;370
49;370;51;370
64;370;65;370
69;370;72;370
75;370;102;370
106;370;109;370
120;370;259;370
275;370;344;370
351;370;355;370
370;370;371;370
402;370;404;370
436;370;438;370
447;370;555;370
557;370;566;370
567;370;569;370
579;370;586;370
589;370;596;370
0;371;24;371
33;371;42;371
45;371;48;371
49;371;52;371
64;371;66;371
69;371;71;371
75;371;102;371
106;371;109;371
120;371;259;371
275;371;344;371
353;371;354;371
403;371;404;371
447;371;566;371
567;371;569;371
579;371;586;371
589;371;596;371
0;372;24;372
32;372;42;372
45;372;48;372
50;372;52;372
64;372;66;372
69;372;72;372
75;372;102;372
106;372;109;372
120;372;258;372
274;372;346;372
364;372;366;372
397;372;398;372
403;372;406;372
408;372;409;372
447;372;549;372
552;372;565;372
567;372;570;372
578;372;588;372
589;372;596;372
0;373;24;373
31;373;43;373
45;373;48;373
50;373;52;373
64;373;102;373
106;373;108;373
120;373;257;373
272;373;347;373
364;373;366;373
373;373;374;373
397;373;399;373
403;373;406;373
408;373;410;373
448;373;549;373
553;373;570;373
577;373;597;373
0;374;24;374
30;374;43;374
45;374;48;374
51;374;53;374
64;374;102;374
106;374;109;374
120;374;255;374
272;374;282;374
284;374;348;374
373;374;375;374
396;374;399;374
403;374;407;374
409;374;411;374
448;374;548;374
552;374;570;374
577;374;595;374
0;375;24;375
28;375;43;375
46;375;48;375
51;375;53;375
62;375;102;375
106;375;109;375
121;375;254;375
259;375;262;375
271;375;283;375
284;375;349;375
373;375;376;375
395;375;400;375
403;375;411;375
448;375;549;375
552;375;569;375
577;375;594;375
599;375;600;375
0;376;24;376
26;376;37;376
40;376;44;376
46;376;49;376
51;376;53;376
61;376;102;376
106;376;109;376
121;376;253;376
258;376;262;376
271;376;350;376
373;376;377;376
393;376;410;376
448;376;569;376
577;376;594;376
599;376;600;376
0;377;37;377
41;377;44;377
46;377;49;377
52;377;54;377
61;377;67;377
69;377;102;377
107;377;108;377
121;377;252;377
258;377;262;377
266;377;283;377
285;377;351;377
359;377;360;377
368;377;377;377
393;377;398;377
400;377;408;377
415;377;417;377
448;377;569;377
577;377;585;377
586;377;593;377
599;377;600;377
0;378;37;378
41;378;44;378
47;378;49;378
52;378;54;378
62;378;66;378
69;378;102;378
121;378;251;378
256;378;261;378
265;378;283;378
286;378;352;378
357;378;360;378
368;378;375;378
394;378;398;378
400;378;407;378
414;378;417;378
449;378;547;378
548;378;568;378
577;378;585;378
586;378;593;378
599;378;600;378
0;379;38;379
41;379;44;379
47;379;49;379
52;379;54;379
63;379;66;379
69;379;102;379
121;379;250;379
254;379;261;379
265;379;283;379
286;379;352;379
356;379;359;379
371;379;375;379
394;379;398;379
400;379;406;379
410;379;417;379
450;379;546;379
549;379;565;379
566;379;568;379
577;379;592;379
599;379;600;379
0;380;38;380
42;380;44;380
47;380;50;380
53;380;55;380
63;380;102;380
121;380;249;380
253;380;261;380
265;380;283;380
286;380;352;380
356;380;359;380
372;380;375;380
394;380;407;380
408;380;412;380
415;380;417;380
453;380;564;380
566;380;567;380
577;380;592;380
599;380;600;380
0;381;39;381
42;381;45;381
48;381;50;381
53;381;55;381
62;381;102;381
121;381;246;381
253;381;261;381
265;381;352;381
372;381;375;381
393;381;411;381
454;381;564;381
566;381;567;381
576;381;592;381
598;381;600;381
0;382;40;382
42;382;45;382
48;382;51;382
54;382;56;382
62;382;102;382
121;382;244;382
252;382;260;382
264;382;353;382
372;382;375;382
393;382;411;382
455;382;567;382
576;382;593;382
598;382;600;382
0;383;45;383
48;383;51;383
54;383;56;383
62;383;67;383
68;383;102;383
121;383;243;383
251;383;260;383
264;383;354;383
363;383;364;383
369;383;376;383
392;383;397;383
400;383;406;383
408;383;411;383
426;383;427;383
448;383;450;383
456;383;567;383
575;383;596;383
599;383;600;383
0;384;45;384
49;384;51;384
55;384;56;384
62;384;66;384
68;384;102;384
121;384;241;384
249;384;260;384
263;384;354;384
361;384;364;384
368;384;377;384
391;384;397;384
400;384;406;384
408;384;412;384
447;384;450;384
456;384;567;384
575;384;597;384
0;385;46;385
49;385;52;385
55;385;57;385
62;385;65;385
68;385;102;385
121;385;240;385
248;385;259;385
263;385;355;385
360;385;364;385
368;385;382;385
391;385;396;385
401;385;406;385
408;385;411;385
447;385;449;385
457;385;567;385
575;385;591;385
593;385;597;385
0;386;46;386
49;386;52;386
56;386;57;386
62;386;64;386
67;386;102;386
121;386;238;386
246;386;259;386
262;386;355;386
360;386;363;386
367;386;384;386
391;386;392;386
401;386;406;386
407;386;411;386
446;386;449;386
457;386;567;386
574;386;597;386
0;387;46;387
50;387;53;387
56;387;58;387
62;387;64;387
66;387;102;387
122;387;236;387
245;387;258;387
262;387;355;387
360;387;363;387
367;387;387;387
390;387;392;387
401;387;411;387
446;387;449;387
451;387;453;387
458;387;566;387
574;387;600;387
0;388;47;388
50;388;53;388
57;388;58;388
62;388;102;388
122;388;234;388
244;388;257;388
261;388;355;388
360;388;363;388
367;388;388;388
389;388;392;388
401;388;411;388
445;388;448;388
451;388;454;388
458;388;565;388
573;388;600;388
0;389;47;389
51;389;54;389
57;389;59;389
62;389;67;389
68;389;102;389
122;389;233;389
243;389;257;389
260;389;356;389
366;389;392;389
401;389;411;389
444;389;448;389
452;389;455;389
459;389;563;389
572;389;600;389
0;390;47;390
51;390;54;390
58;390;60;390
62;390;66;390
69;390;102;390
122;390;231;390
242;390;256;390
258;390;356;390
365;390;387;390
389;390;392;390
401;390;402;390
406;390;411;390
443;390;448;390
453;390;455;390
460;390;562;390
572;390;600;390
0;391;48;391
52;391;55;391
58;391;60;391
63;391;66;391
69;391;102;391
122;391;229;391
241;391;256;391
257;391;356;391
365;391;387;391
389;391;393;391
407;391;411;391
443;391;448;391
453;391;456;391
460;391;562;391
572;391;600;391
0;392;44;392
45;392;48;392
52;392;55;392
63;392;66;392
69;392;102;392
122;392;228;392
241;392;255;392
257;392;356;392
365;392;387;392
389;392;395;392
408;392;411;392
442;392;449;392
454;392;456;392
461;392;561;392
571;392;600;392
0;393;44;393
46;393;49;393
53;393;56;393
63;393;67;393
69;393;102;393
122;393;227;393
234;393;236;393
240;393;254;393
256;393;357;393
364;393;374;393
376;393;387;393
390;393;396;393
408;393;412;393
441;393;449;393
454;393;457;393
462;393;561;393
570;393;600;393
0;394;44;394
47;394;49;394
53;394;56;394
63;394;102;394
122;394;225;394
233;394;254;394
255;394;357;394
364;394;374;394
377;394;387;394
390;394;397;394
408;394;413;394
441;394;449;394
455;394;457;394
463;394;561;394
570;394;600;394
0;395;44;395
47;395;50;395
54;395;57;395
63;395;102;395
122;395;223;395
228;395;253;395
254;395;357;395
365;395;374;395
376;395;388;395
389;395;400;395
408;395;413;395
440;395;450;395
455;395;458;395
463;395;561;395
569;395;600;395
0;396;44;396
48;396;50;396
55;396;57;396
64;396;102;396
123;396;222;396
227;396;357;396
364;396;394;396
395;396;401;396
404;396;412;396
439;396;450;396
456;396;459;396
463;396;561;396
565;396;566;396
569;396;600;396
0;397;45;397
48;397;51;397
55;397;58;397
65;397;102;397
123;397;221;397
226;397;358;397
364;397;393;397
396;397;401;397
403;397;411;397
438;397;442;397
445;397;451;397
457;397;459;397
463;397;561;397
564;397;567;397
568;397;600;397
0;398;45;398
48;398;51;398
56;398;58;398
65;398;102;398
123;398;219;398
225;398;358;398
363;398;393;398
396;398;411;398
437;398;442;398
447;398;451;398
457;398;460;398
464;398;600;398
0;399;46;399
49;399;52;399
56;399;59;399
66;399;102;399
123;399;218;399
224;399;358;399
363;399;393;399
396;399;405;399
406;399;411;399
437;399;442;399
448;399;452;399
458;399;460;399
467;399;559;399
561;399;600;399
0;400;46;400
49;400;52;400
57;400;59;400
66;400;102;400
123;400;217;400
223;400;233;400
235;400;358;400
364;400;394;400
395;400;400;400
406;400;411;400
436;400;442;400
449;400;452;400
458;400;461;400
468;400;558;400
561;400;566;400
567;400;600;400
0;401;47;401
50;401;53;401
58;401;59;401
66;401;102;401
123;401;216;401
222;401;233;401
235;401;358;401
365;401;400;401
405;401;410;401
435;401;443;401
449;401;453;401
459;401;461;401
468;401;558;401
561;401;565;401
567;401;600;401
0;402;47;402
50;402;53;402
67;402;102;402
123;402;215;402
221;402;233;402
235;402;358;402
366;402;400;402
404;402;409;402
434;402;443;402
450;402;454;402
459;402;462;402
468;402;558;402
560;402;600;402
0;403;47;403
51;403;54;403
67;403;73;403
74;403;102;403
123;403;214;403
219;403;233;403
235;403;358;403
364;403;401;403
404;403;409;403
416;403;418;403
433;403;443;403
450;403;454;403
460;403;463;403
468;403;469;403
471;403;600;403
0;404;48;404
51;404;55;404
67;404;102;404
123;404;213;404
218;404;234;404
235;404;359;404
362;404;409;404
416;404;417;404
432;404;446;404
451;404;455;404
461;404;463;404
472;404;563;404
565;404;600;404
0;405;48;405
52;405;55;405
67;405;102;405
124;405;211;405
216;405;359;405
362;405;401;405
403;405;409;405
431;405;447;405
452;405;456;405
462;405;464;405
472;405;563;405
565;405;600;405
0;406;48;406
52;406;56;406
68;406;102;406
124;406;210;406
213;406;359;406
362;406;401;406
404;406;409;406
430;406;447;406
452;406;456;406
462;406;465;406
472;406;600;406
0;407;43;407
45;407;49;407
53;407;56;407
68;407;102;407
124;407;208;407
213;407;359;407
362;407;401;407
405;407;409;407
430;407;447;407
453;407;457;407
463;407;466;407
471;407;600;407
0;408;43;408
46;408;49;408
54;408;57;408
69;408;102;408
124;408;207;408
213;408;222;408
226;408;359;408
362;408;409;408
429;408;439;408
440;408;448;408
454;408;458;408
464;408;466;408
472;408;600;408
0;409;44;409
47;409;50;409
54;409;57;409
70;409;102;409
124;409;206;409
213;409;222;409
226;409;359;409
362;409;411;409
412;409;413;409
428;409;440;409
441;409;448;409
454;409;458;409
464;409;467;409
473;409;600;409
0;410;44;410
47;410;50;410
55;410;57;410
71;410;102;410
124;410;204;410
213;410;221;410
225;410;359;410
362;410;369;410
372;410;416;410
420;410;421;410
427;410;440;410
442;410;449;410
455;410;459;410
465;410;468;410
474;410;600;410
0;411;44;411
48;411;51;411
56;411;57;411
72;411;102;411
124;411;203;411
213;411;220;411
224;411;360;411
362;411;369;411
373;411;409;411
412;411;416;411
426;411;440;411
443;411;449;411
456;411;460;411
466;411;469;411
475;411;479;411
480;411;560;411
561;411;600;411
0;412;45;412
48;412;52;412
56;412;58;412
73;412;102;412
125;412;202;412
213;412;218;412
224;412;360;412
362;412;369;412
375;412;407;412
413;412;416;412
425;412;441;412
444;412;449;412
456;412;461;412
467;412;470;412
476;412;479;412
481;412;558;412
562;412;600;412
0;413;45;413
49;413;52;413
56;413;58;413
74;413;102;413
125;413;202;413
212;413;216;413
223;413;361;413
363;413;370;413
376;413;406;413
414;413;416;413
425;413;441;413
445;413;450;413
457;413;462;413
468;413;471;413
477;413;480;413
482;413;557;413
561;413;600;413
0;414;45;414
49;414;53;414
55;414;58;414
75;414;102;414
125;414;201;414
210;414;216;414
222;414;361;414
363;414;372;414
376;414;401;414
403;414;406;414
414;414;417;414
424;414;442;414
446;414;451;414
458;414;463;414
469;414;472;414
478;414;481;414
483;414;557;414
561;414;600;414
0;415;46;415
50;415;53;415
56;415;58;415
76;415;102;415
125;415;201;415
208;415;216;415
222;415;361;415
364;415;373;415
376;415;401;415
403;415;410;415
415;415;417;415
423;415;442;415
446;415;452;415
458;415;464;415
470;415;473;415
480;415;483;415
485;415;600;415
0;416;46;416
50;416;54;416
77;416;102;416
125;416;200;416
206;416;217;416
221;416;362;416
363;416;411;416
416;416;417;416
422;416;443;416
447;416;453;416
459;416;466;416
471;416;475;416
481;416;484;416
485;416;600;416
0;417;47;417
51;417;54;417
78;417;102;417
125;417;199;417
205;417;412;417
420;417;443;417
448;417;454;417
460;417;466;417
472;417;476;417
483;417;600;417
0;418;48;418
52;418;56;418
64;418;65;418
78;418;102;418
108;418;109;418
126;418;199;418
204;418;384;418
385;418;412;418
418;418;444;418
449;418;455;418
461;418;467;418
473;418;477;418
484;418;600;418
0;419;48;419
52;419;64;419
79;419;102;419
108;419;109;419
126;419;198;419
204;419;384;419
385;419;413;419
418;419;445;419
449;419;456;419
462;419;468;419
474;419;479;419
485;419;600;419
0;420;48;420
53;420;63;420
80;420;102;420
126;420;198;420
204;420;413;420
418;420;445;420
450;420;457;420
463;420;469;420
475;420;480;420
487;420;490;420
491;420;600;420
0;421;49;421
53;421;63;421
81;421;102;421
126;421;197;421
203;421;412;421
417;421;446;421
451;421;458;421
464;421;470;421
476;421;482;421
491;421;600;421
0;422;50;422
55;422;56;422
57;422;64;422
82;422;102;422
126;422;197;422
203;422;411;422
416;422;446;422
452;422;458;422
465;422;472;422
478;422;483;422
491;422;600;422
0;423;50;423
58;423;65;423
82;423;102;423
126;423;196;423
202;423;370;423
371;423;410;423
414;423;447;423
453;423;459;423
466;423;473;423
479;423;485;423
494;423;600;423
0;424;50;424
58;424;67;424
82;424;102;424
126;424;196;424
201;424;410;424
413;424;447;424
454;424;460;424
467;424;474;424
480;424;486;424
495;424;600;424
0;425;51;425
59;425;67;425
83;425;102;425
127;425;195;425
201;425;411;425
412;425;448;425
455;425;462;425
468;425;475;425
481;425;488;425
496;425;600;425
0;426;51;426
60;426;67;426
83;426;102;426
127;426;194;426
200;426;449;426
456;426;463;426
469;426;477;426
483;426;489;426
497;426;600;426
0;427;51;427
59;427;66;427
84;427;102;427
127;427;193;427
200;427;450;427
457;427;465;427
471;427;478;427
484;427;490;427
499;427;600;427
0;428;47;428
48;428;52;428
56;428;66;428
84;428;102;428
127;428;191;428
199;428;451;428
458;428;466;428
472;428;478;428
486;428;492;428
500;428;600;428
0;429;47;429
49;429;52;429
55;429;65;429
85;429;102;429
127;429;188;429
199;429;452;429
459;429;467;429
473;429;479;429
487;429;492;429
501;429;600;429
0;430;48;430
55;430;65;430
85;430;102;430
127;430;185;430
194;430;195;430
199;430;440;430
442;430;454;430
460;430;468;430
474;430;482;430
488;430;493;430
502;430;600;430
0;431;48;431
56;431;64;431
86;431;102;431
127;431;183;431
193;431;195;431
198;431;440;431
444;431;455;431
461;431;468;431
476;431;483;431
489;431;493;431
504;431;600;431
0;432;48;432
56;432;64;432
86;432;102;432
128;432;179;432
192;432;195;432
198;432;441;432
446;432;456;432
462;432;469;432
477;432;484;432
490;432;495;432
506;432;600;432
0;433;49;433
55;433;64;433
86;433;102;433
128;433;177;433
191;433;195;433
198;433;443;433
447;433;457;433
464;433;472;433
478;433;484;433
491;433;496;433
507;433;600;433
0;434;49;434
54;434;64;434
87;434;102;434
128;434;175;434
189;434;195;434
198;434;443;434
449;434;458;434
465;434;473;434
480;434;485;434
493;434;495;434
509;434;600;434
0;435;50;435
54;435;55;435
58;435;63;435
87;435;102;435
128;435;173;435
185;435;195;435
197;435;444;435
450;435;459;435
466;435;474;435
481;435;486;435
511;435;600;435
0;436;50;436
58;436;63;436
88;436;102;436
128;436;172;436
184;436;195;436
196;436;445;436
452;436;460;436
468;436;475;436
483;436;487;436
512;436;600;436
0;437;51;437
58;437;64;437
88;437;102;437
128;437;171;437
176;437;178;437
183;437;389;437
391;437;446;437
453;437;460;437
469;437;477;437
484;437;488;437
497;437;498;437
513;437;600;437
0;438;52;438
56;438;64;438
89;438;102;438
129;438;169;438
174;438;179;438
182;438;448;438
454;438;461;438
470;438;478;438
485;438;488;438
496;438;499;438
515;438;600;438
0;439;53;439
55;439;65;439
89;439;102;439
107;439;108;439
129;439;167;439
171;439;178;439
182;439;193;439
194;439;449;439
455;439;462;439
472;439;479;439
486;439;489;439
516;439;600;439
0;440;53;440
56;440;62;440
75;440;77;440
90;440;102;440
107;440;109;440
129;440;166;440
170;440;177;440
182;440;193;440
194;440;450;440
456;440;464;440
473;440;480;440
487;440;491;440
517;440;600;440
0;441;53;441
56;441;61;441
65;441;67;441
91;441;102;441
107;441;109;441
129;441;164;441
170;441;176;441
182;441;193;441
194;441;451;441
458;441;465;441
474;441;481;441
488;441;492;441
518;441;600;441
0;442;53;442
56;442;61;442
65;442;67;442
71;442;73;442
92;442;102;442
107;442;109;442
129;442;163;442
168;442;175;442
182;442;452;442
459;442;469;442
476;442;484;442
490;442;492;442
518;442;600;442
0;443;54;443
56;443;62;443
65;443;74;443
93;443;102;443
107;443;109;443
129;443;161;443
166;443;173;443
181;443;454;443
461;443;470;443
477;443;484;443
493;443;495;443
504;443;506;443
519;443;600;443
0;444;62;444
64;444;74;444
94;444;102;444
106;444;109;444
129;444;160;444
165;444;173;444
180;444;192;444
193;444;454;444
462;444;471;444
478;444;483;444
487;444;488;444
494;444;501;444
503;444;507;444
520;444;600;444
0;445;63;445
64;445;75;445
95;445;102;445
106;445;109;445
129;445;159;445
164;445;172;445
179;445;455;445
463;445;472;445
479;445;484;445
486;445;490;445
495;445;508;445
521;445;600;445
0;446;63;446
64;446;69;446
74;446;76;446
95;446;102;446
106;446;109;446
130;446;158;446
163;446;172;446
177;446;458;446
464;446;472;446
480;446;490;446
495;446;509;446
521;446;600;446
0;447;57;447
60;447;62;447
64;447;68;447
74;447;76;447
96;447;102;447
107;447;109;447
130;447;157;447
162;447;171;447
176;447;459;447
465;447;473;447
481;447;489;447
495;447;511;447
522;447;600;447
0;448;56;448
64;448;67;448
96;448;102;448
107;448;109;448
130;448;156;448
160;448;170;448
174;448;460;448
467;448;474;448
481;448;489;448
496;448;500;448
502;448;511;448
522;448;600;448
0;449;56;449
64;449;67;449
97;449;102;449
107;449;109;449
130;449;156;449
159;449;169;449
172;449;460;449
468;449;475;449
479;449;491;449
496;449;500;449
502;449;511;449
523;449;600;449
0;450;56;450
64;450;67;450
97;450;102;450
107;450;109;450
130;450;156;450
157;450;169;450
172;450;460;450
470;450;476;450
478;450;493;450
496;450;503;450
504;450;511;450
523;450;600;450
0;451;57;451
64;451;68;451
98;451;102;451
107;451;109;451
130;451;169;451
171;451;462;451
471;451;493;451
496;451;502;451
506;451;511;451
524;451;600;451
0;452;58;452
64;452;69;452
99;452;102;452
106;452;109;452
130;452;466;452
473;452;502;452
506;452;511;452
525;452;600;452
0;453;59;453
64;453;70;453
99;453;102;453
106;453;109;453
130;453;467;453
474;453;480;453
481;453;502;453
507;453;511;453
526;453;600;453
0;454;59;454
65;454;71;454
100;454;102;454
106;454;109;454
130;454;468;454
475;454;480;454
482;454;503;454
507;454;509;454
527;454;600;454
0;455;58;455
64;455;71;455
106;455;108;455
131;455;469;455
477;455;481;455
482;455;509;455
512;455;514;455
530;455;600;455
0;456;58;456
64;456;70;456
106;456;108;456
131;456;470;456
478;456;509;456
512;456;515;456
532;456;600;456
0;457;58;457
63;457;70;457
106;457;108;457
131;457;471;457
479;457;510;457
511;457;515;457
534;457;600;457
0;458;59;458
62;458;69;458
106;458;108;458
131;458;472;458
481;458;515;458
537;458;600;458
0;459;69;459
105;459;108;459
131;459;141;459
145;459;472;459
483;459;486;459
489;459;516;459
539;459;600;459
0;460;68;460
105;460;108;460
131;460;139;460
144;460;473;460
484;460;485;460
490;460;516;460
541;460;600;460
0;461;63;461
105;461;108;461
132;461;136;461
143;461;473;461
490;461;516;461
543;461;600;461
0;462;63;462
105;462;108;462
132;462;134;462
142;462;475;462
486;462;516;462
544;462;600;462
0;463;64;463
105;463;108;463
140;463;476;463
487;463;516;463
531;463;535;463
546;463;600;463
0;464;64;464
71;464;72;464
104;464;108;464
128;464;133;464
138;464;478;464
488;464;516;464
531;464;539;464
547;464;600;464
0;465;65;465
72;465;77;465
104;465;108;465
119;465;481;465
488;465;517;465
532;465;540;465
547;465;600;465
