2;4;193;4
206;4;396;4
409;4;598;4
2;5;193;5
206;5;396;5
404;5;405;5
409;5;598;5
2;6;5;6
190;6;193;6
206;6;209;6
393;6;396;6
409;6;412;6
595;6;598;6
2;7;5;7
190;7;193;7
206;7;208;7
394;7;396;7
401;7;402;7
404;7;405;7
409;7;412;7
595;7;598;7
2;8;5;8
190;8;193;8
206;8;208;8
394;8;396;8
401;8;402;8
404;8;405;8
409;8;412;8
595;8;598;8
2;9;5;9
190;9;193;9
198;9;202;9
206;9;208;9
394;9;396;9
401;9;405;9
409;9;412;9
595;9;598;9
2;10;5;10
190;10;193;10
198;10;199;10
206;10;208;10
394;10;396;10
409;10;412;10
595;10;598;10
2;11;5;11
190;11;193;11
198;11;202;11
206;11;208;11
394;11;396;11
401;11;405;11
409;11;412;11
595;11;598;11
2;12;5;12
190;12;193;12
198;12;199;12
206;12;208;12
394;12;396;12
401;12;402;12
409;12;412;12
595;12;598;12
2;13;5;13
190;13;193;13
198;13;199;13
206;13;208;13
394;13;396;13
401;13;404;13
409;13;412;13
595;13;598;13
2;14;5;14
190;14;193;14
198;14;202;14
206;14;208;14
394;14;396;14
403;14;404;14
409;14;412;14
595;14;598;14
2;15;5;15
190;15;193;15
206;15;208;15
394;15;396;15
400;15;401;15
409;15;412;15
595;15;598;15
2;16;5;16
190;16;193;16
199;16;201;16
206;16;208;16
394;16;396;16
399;16;405;16
409;16;412;16
595;16;598;16
2;17;5;17
21;17;22;17
28;17;29;17
36;17;41;17
46;17;48;17
52;17;56;17
68;17;76;17
84;17;85;17
88;17;93;17
97;17;100;17
115;17;116;17
118;17;122;17
127;17;128;17
134;17;138;17
155;17;156;17
160;17;162;17
173;17;174;17
190;17;193;17
198;17;199;17
201;17;202;17
206;17;208;17
394;17;396;17
409;17;412;17
595;17;598;17
2;18;5;18
21;18;23;18
28;18;29;18
35;18;41;18
44;18;50;18
51;18;57;18
68;18;77;18
78;18;79;18
84;18;85;18
87;18;93;18
95;18;100;18
108;18;109;18
114;18;116;18
117;18;122;18
127;18;129;18
134;18;139;18
148;18;149;18
154;18;156;18
159;18;164;18
166;18;168;18
173;18;174;18
190;18;193;18
198;18;199;18
201;18;202;18
206;18;208;18
394;18;396;18
409;18;412;18
595;18;598;18
2;19;5;19
20;19;23;19
28;19;29;19
38;19;39;19
43;19;45;19
51;19;53;19
72;19;73;19
78;19;79;19
84;19;85;19
89;19;91;19
95;19;96;19
108;19;110;19
114;19;115;19
117;19;118;19
126;19;130;19
134;19;135;19
138;19;140;19
149;19;151;19
154;19;155;19
158;19;160;19
163;19;164;19
166;19;168;19
173;19;174;19
190;19;193;19
199;19;201;19
206;19;208;19
394;19;396;19
404;19;405;19
409;19;412;19
595;19;598;19
2;20;5;20
20;20;21;20
23;20;24;20
28;20;29;20
38;20;39;20
43;20;44;20
51;20;53;20
72;20;73;20
78;20;79;20
84;20;85;20
89;20;91;20
94;20;96;20
109;20;111;20
113;20;115;20
117;20;118;20
126;20;127;20
129;20;130;20
134;20;135;20
138;20;140;20
150;20;152;20
153;20;155;20
158;20;159;20
163;20;165;20
166;20;168;20
173;20;174;20
190;20;193;20
206;20;208;20
232;20;238;20
241;20;242;20
247;20;249;20
250;20;259;20
266;20;268;20
275;20;280;20
283;20;288;20
292;20;296;20
299;20;304;20
308;20;314;20
318;20;323;20
325;20;327;20
332;20;333;20
337;20;341;20
348;20;357;20
360;20;364;20
394;20;396;20
409;20;412;20
595;20;598;20
2;21;5;21
19;21;21;21
23;21;25;21
28;21;29;21
38;21;39;21
43;21;44;21
51;21;55;21
72;21;73;21
78;21;80;21
81;21;85;21
89;21;91;21
95;21;101;21
110;21;114;21
117;21;119;21
120;21;121;21
126;21;127;21
129;21;131;21
134;21;135;21
138;21;139;21
151;21;154;21
157;21;159;21
164;21;165;21
166;21;168;21
173;21;174;21
190;21;193;21
198;21;199;21
201;21;202;21
206;21;208;21
232;21;233;21
237;21;238;21
241;21;242;21
247;21;249;21
253;21;255;21
266;21;269;21
274;21;276;21
279;21;280;21
282;21;285;21
287;21;289;21
291;21;293;21
295;21;297;21
299;21;301;21
303;21;305;21
308;21;310;21
313;21;315;21
320;21;321;21
325;21;328;21
332;21;333;21
336;21;338;21
340;21;341;21
352;21;354;21
359;21;361;21
363;21;365;21
394;21;396;21
400;21;401;21
402;21;404;21
409;21;412;21
595;21;598;21
2;22;5;22
19;22;21;22
23;22;25;22
28;22;29;22
38;22;39;22
43;22;44;22
52;22;56;22
72;22;73;22
78;22;85;22
90;22;91;22
96;22;98;22
100;22;102;22
111;22;113;22
117;22;122;22
125;22;127;22
129;22;131;22
134;22;139;22
152;22;154;22
157;22;158;22
164;22;165;22
166;22;168;22
173;22;174;22
190;22;193;22
198;22;199;22
201;22;202;22
206;22;208;22
232;22;233;22
236;22;238;22
241;22;242;22
247;22;249;22
253;22;255;22
266;22;267;22
268;22;269;22
274;22;275;22
282;22;284;22
290;22;292;22
296;22;297;22
299;22;301;22
304;22;305;22
308;22;310;22
314;22;316;22
320;22;321;22
325;22;329;22
332;22;334;22
335;22;337;22
352;22;354;22
359;22;360;22
364;22;366;22
394;22;396;22
399;22;400;22
402;22;403;22
404;22;405;22
409;22;412;22
595;22;598;22
2;23;5;23
19;23;26;23
28;23;29;23
38;23;39;23
43;23;44;23
52;23;53;23
72;23;73;23
78;23;80;23
84;23;86;23
90;23;91;23
101;23;102;23
112;23;113;23
117;23;119;23
125;23;132;23
134;23;136;23
138;23;140;23
152;23;154;23
157;23;159;23
164;23;165;23
167;23;168;23
173;23;174;23
190;23;193;23
198;23;202;23
206;23;208;23
232;23;233;23
235;23;238;23
241;23;242;23
247;23;249;23
253;23;255;23
265;23;267;23
268;23;270;23
274;23;275;23
282;23;283;23
290;23;291;23
296;23;298;23
299;23;301;23
304;23;305;23
308;23;310;23
315;23;316;23
320;23;322;23
325;23;330;23
332;23;334;23
335;23;336;23
352;23;354;23
358;23;360;23
365;23;366;23
394;23;396;23
399;23;400;23
401;23;403;23
404;23;405;23
409;23;412;23
595;23;598;23
2;24;5;24
19;24;20;24
25;24;26;24
28;24;29;24
38;24;40;24
43;24;45;24
52;24;53;24
72;24;73;24
78;24;80;24
84;24;86;24
90;24;91;24
95;24;96;24
101;24;102;24
112;24;113;24
117;24;119;24
125;24;126;24
131;24;132;24
134;24;136;24
139;24;141;24
152;24;154;24
158;24;159;24
163;24;165;24
167;24;168;24
172;24;174;24
190;24;193;24
206;24;208;24
232;24;233;24
235;24;239;24
241;24;242;24
247;24;249;24
253;24;255;24
265;24;266;24
269;24;271;24
273;24;275;24
281;24;283;24
290;24;291;24
297;24;298;24
299;24;305;24
309;24;310;24
315;24;316;24
320;24;322;24
325;24;327;24
328;24;330;24
332;24;334;24
335;24;336;24
339;24;342;24
352;24;354;24
358;24;359;24
365;24;366;24
394;24;396;24
400;24;402;24
403;24;405;24
409;24;412;24
595;24;598;24
2;25;5;25
19;25;20;25
25;25;26;25
28;25;33;25
37;25;41;25
44;25;50;25
52;25;53;25
60;25;61;25
72;25;73;25
78;25;80;25
84;25;86;25
89;25;93;25
95;25;98;25
99;25;102;25
112;25;113;25
118;25;119;25
125;25;126;25
131;25;133;25
134;25;136;25
140;25;142;25
152;25;154;25
158;25;160;25
162;25;164;25
168;25;173;25
190;25;193;25
201;25;202;25
206;25;208;25
232;25;234;25
238;25;240;25
241;25;242;25
247;25;249;25
253;25;255;25
265;25;271;25
274;25;275;25
282;25;283;25
290;25;291;25
297;25;298;25
300;25;305;25
309;25;310;25
315;25;316;25
320;25;322;25
325;25;327;25
329;25;331;25
332;25;334;25
335;25;336;25
339;25;343;25
352;25;354;25
358;25;359;25
365;25;366;25
394;25;396;25
409;25;412;25
595;25;598;25
2;26;5;26
19;26;20;26
28;26;34;26
36;26;41;26
46;26;49;26
52;26;57;26
60;26;61;26
72;26;73;26
78;26;79;26
85;26;86;26
88;26;93;26
97;26;100;26
112;26;113;26
118;26;123;26
125;26;126;26
132;26;133;26
134;26;136;26
141;26;142;26
152;26;153;26
159;26;163;26
169;26;172;26
190;26;193;26
206;26;208;26
232;26;234;26
238;26;240;26
241;26;243;26
247;26;248;26
253;26;255;26
265;26;267;26
270;26;272;26
274;26;275;26
282;26;283;26
290;26;291;26
296;26;298;26
300;26;301;26
304;26;306;26
309;26;310;26
314;26;316;26
320;26;322;26
325;26;327;26
330;26;334;26
335;26;337;26
341;26;342;26
352;26;354;26
358;26;360;26
364;26;366;26
394;26;396;26
399;26;400;26
409;26;412;26
595;26;598;26
2;27;5;27
59;27;60;27
190;27;193;27
197;27;202;27
206;27;208;27
232;27;234;27
238;27;240;27
242;27;244;27
245;27;248;27
253;27;255;27
264;27;266;27
271;27;272;27
274;27;276;27
279;27;281;27
283;27;285;27
288;27;289;27
290;27;292;27
295;27;297;27
300;27;301;27
305;27;307;27
309;27;310;27
313;27;316;27
320;27;322;27
326;27;327;27
331;27;334;27
336;27;338;27
340;27;342;27
352;27;354;27
359;27;361;27
363;27;365;27
394;27;396;27
399;27;400;27
401;27;403;27
409;27;412;27
595;27;598;27
2;28;5;28
190;28;193;28
206;28;208;28
232;28;239;28
243;28;247;28
254;28;255;28
264;28;266;28
271;28;272;28
275;28;281;28
283;28;289;28
291;28;296;28
300;28;301;28
306;28;307;28
309;28;315;28
319;28;324;28
326;28;327;28
332;28;334;28
336;28;341;28
352;28;354;28
359;28;364;28
394;28;396;28
399;28;404;28
409;28;412;28
595;28;598;28
2;29;5;29
190;29;193;29
199;29;201;29
206;29;208;29
394;29;396;29
400;29;401;29
403;29;404;29
409;29;412;29
595;29;598;29
2;30;5;30
190;30;193;30
198;30;199;30
201;30;202;30
206;30;208;30
394;30;396;30
409;30;412;30
595;30;598;30
2;31;5;31
17;31;20;31
27;31;28;31
29;31;30;31
34;31;36;31
48;31;50;31
52;31;55;31
94;31;95;31
101;31;104;31
125;31;127;31
132;31;137;31
144;31;149;31
154;31;155;31
170;31;172;31
190;31;193;31
198;31;199;31
201;31;202;31
206;31;208;31
394;31;396;31
399;31;405;31
409;31;412;31
595;31;598;31
2;32;5;32
16;32;22;32
25;32;31;32
33;32;39;32
46;32;55;32
56;32;58;32
62;32;63;32
65;32;71;32
78;32;79;32
88;32;89;32
92;32;97;32
100;32;105;32
109;32;111;32
114;32;115;32
124;32;128;32
131;32;138;32
143;32;150;32
152;32;157;32
160;32;161;32
166;32;168;32
169;32;174;32
190;32;193;32
199;32;201;32
206;32;208;32
394;32;396;32
404;32;405;32
409;32;412;32
595;32;598;32
2;33;5;33
16;33;17;33
21;33;23;33
27;33;29;33
33;33;34;33
38;33;40;33
50;33;52;33
56;33;58;33
62;33;64;33
65;33;67;33
78;33;79;33
88;33;89;33
92;33;93;33
96;33;98;33
100;33;101;33
104;33;106;33
109;33;111;33
113;33;115;33
123;33;124;33
127;33;129;33
132;33;133;33
144;33;145;33
152;33;153;33
156;33;158;33
160;33;161;33
166;33;168;33
169;33;170;33
173;33;175;33
190;33;193;33
199;33;201;33
206;33;208;33
394;33;396;33
404;33;405;33
409;33;412;33
595;33;598;33
2;34;5;34
16;34;17;34
22;34;23;34
27;34;29;34
33;34;34;34
39;34;40;34
50;34;52;34
56;34;58;34
62;34;64;34
66;34;67;34
78;34;79;34
88;34;89;34
91;34;93;34
97;34;98;34
100;34;101;34
104;34;106;34
109;34;113;34
122;34;124;34
128;34;130;34
132;34;133;34
144;34;145;34
151;34;153;34
157;34;158;34
160;34;161;34
166;34;168;34
169;34;170;34
173;34;175;34
190;34;193;34
198;34;202;34
206;34;208;34
222;34;226;34
229;34;230;34
236;34;237;34
238;34;243;34
252;34;253;34
262;34;263;34
265;34;271;34
273;34;278;34
286;34;288;34
293;34;294;34
300;34;304;34
307;34;309;34
314;34;315;34
317;34;323;34
325;34;334;34
337;34;341;34
344;34;349;34
353;34;359;34
361;34;362;34
367;34;369;34
372;34;376;34
394;34;396;34
399;34;404;34
409;34;412;34
595;34;598;34
2;35;5;35
16;35;17;35
22;35;24;35
27;35;29;35
33;35;34;35
39;35;41;35
50;35;52;35
56;35;58;35
62;35;64;35
66;35;67;35
78;35;79;35
88;35;89;35
91;35;92;35
97;35;99;35
100;35;101;35
104;35;106;35
110;35;113;35
122;35;124;35
129;35;130;35
132;35;133;35
144;35;146;35
151;35;152;35
157;35;159;35
160;35;161;35
166;35;168;35
169;35;170;35
173;35;175;35
190;35;193;35
198;35;200;35
201;35;202;35
206;35;208;35
221;35;223;35
225;35;227;35
229;35;230;35
235;35;237;35
238;35;240;35
242;35;244;35
252;35;253;35
262;35;263;35
265;35;267;35
273;35;274;35
277;35;279;35
286;35;289;35
292;35;295;35
299;35;301;35
303;35;305;35
307;35;310;35
314;35;316;35
319;35;321;35
326;35;327;35
328;35;330;35
336;35;338;35
339;35;341;35
344;35;346;35
347;35;349;35
355;35;357;35
361;35;363;35
367;35;369;35
371;35;373;35
375;35;377;35
394;35;396;35
409;35;412;35
595;35;598;35
2;36;5;36
16;36;17;36
22;36;24;36
27;36;29;36
33;36;34;36
39;36;41;36
50;36;52;36
57;36;64;36
66;36;70;36
78;36;79;36
83;36;84;36
88;36;89;36
91;36;92;36
98;36;99;36
100;36;105;36
110;36;113;36
122;36;123;36
129;36;130;36
132;36;137;36
144;36;149;36
151;36;152;36
157;36;159;36
160;36;161;36
166;36;168;36
169;36;174;36
190;36;193;36
198;36;202;36
206;36;208;36
221;36;222;36
226;36;227;36
229;36;230;36
235;36;237;36
238;36;240;36
242;36;244;36
252;36;253;36
262;36;263;36
265;36;266;36
273;36;274;36
277;36;279;36
286;36;290;36
292;36;295;36
299;36;300;36
304;36;306;36
307;36;311;36
314;36;316;36
319;36;321;36
328;36;330;36
335;36;337;36
341;36;342;36
344;36;345;36
348;36;350;36
355;36;357;36
361;36;364;36
367;36;369;36
371;36;372;36
394;36;396;36
409;36;412;36
595;36;598;36
2;37;5;37
16;37;18;37
22;37;24;37
28;37;29;37
33;37;34;37
39;37;41;37
50;37;52;37
57;37;58;37
62;37;64;37
66;37;67;37
78;37;79;37
82;37;84;37
88;37;89;37
91;37;92;37
97;37;99;37
100;37;102;37
103;37;106;37
110;37;111;37
112;37;114;37
122;37;123;37
129;37;130;37
132;37;133;37
144;37;146;37
151;37;152;37
157;37;159;37
160;37;161;37
166;37;168;37
169;37;171;37
172;37;175;37
190;37;193;37
206;37;208;37
220;37;221;37
226;37;228;37
229;37;230;37
235;37;237;37
238;37;240;37
242;37;244;37
252;37;253;37
262;37;264;37
265;37;266;37
273;37;274;37
276;37;279;37
286;37;288;37
289;37;293;37
294;37;295;37
299;37;300;37
305;37;306;37
307;37;312;37
314;37;316;37
320;37;321;37
328;37;330;37
335;37;336;37
341;37;342;37
344;37;345;37
348;37;350;37
355;37;357;37
361;37;365;37
367;37;369;37
371;37;372;37
394;37;396;37
409;37;412;37
595;37;598;37
2;38;5;38
16;38;18;38
22;38;24;38
28;38;29;38
33;38;34;38
39;38;40;38
50;38;52;38
57;38;58;38
63;38;64;38
66;38;67;38
78;38;79;38
82;38;85;38
88;38;89;38
91;38;93;38
97;38;98;38
100;38;102;38
105;38;107;38
110;38;111;38
113;38;115;38
122;38;124;38
128;38;130;38
132;38;133;38
144;38;146;38
151;38;152;38
157;38;158;38
160;38;162;38
166;38;167;38
169;38;171;38
174;38;176;38
190;38;193;38
198;38;199;38
206;38;208;38
220;38;221;38
227;38;228;38
229;38;230;38
235;38;237;38
238;38;240;38
241;38;243;38
252;38;253;38
257;38;258;38
262;38;263;38
265;38;269;38
273;38;274;38
275;38;280;38
286;38;288;38
290;38;292;38
294;38;296;38
298;38;300;38
305;38;306;38
308;38;309;38
311;38;312;38
314;38;316;38
320;38;321;38
328;38;330;38
335;38;336;38
341;38;343;38
344;38;346;38
347;38;349;38
355;38;357;38
361;38;362;38
364;38;366;38
367;38;369;38
370;38;372;38
375;38;377;38
394;38;396;38
401;38;402;38
409;38;412;38
595;38;598;38
2;39;5;39
16;39;18;39
21;39;23;39
28;39;30;39
33;39;35;39
37;39;40;39
50;39;52;39
57;39;58;39
63;39;64;39
66;39;68;39
78;39;80;39
81;39;85;39
87;39;89;39
92;39;94;39
96;39;98;39
100;39;102;39
106;39;108;39
110;39;111;39
114;39;116;39
123;39;125;39
127;39;129;39
132;39;134;39
144;39;146;39
151;39;153;39
156;39;158;39
161;39;163;39
164;39;167;39
169;39;171;39
175;39;177;39
190;39;193;39
197;39;198;39
200;39;201;39
206;39;208;39
220;39;221;39
227;39;228;39
229;39;230;39
235;39;237;39
238;39;243;39
252;39;253;39
257;39;258;39
262;39;263;39
265;39;269;39
273;39;274;39
279;39;281;39
286;39;288;39
294;39;296;39
298;39;300;39
305;39;306;39
308;39;309;39
311;39;313;39
314;39;316;39
320;39;321;39
328;39;330;39
335;39;336;39
341;39;343;39
344;39;349;39
356;39;357;39
361;39;362;39
364;39;366;39
368;39;369;39
370;39;372;39
374;39;378;39
394;39;396;39
402;39;405;39
409;39;412;39
595;39;598;39
2;40;5;40
16;40;22;40
26;40;31;40
33;40;39;40
50;40;52;40
57;40;58;40
63;40;64;40
66;40;72;40
79;40;82;40
84;40;88;40
93;40;97;40
101;40;102;40
107;40;108;40
110;40;111;40
115;40;116;40
124;40;128;40
132;40;134;40
144;40;146;40
152;40;157;40
162;40;166;40
169;40;171;40
176;40;177;40
190;40;193;40
198;40;200;40
206;40;208;40
220;40;221;40
226;40;228;40
229;40;231;40
235;40;237;40
238;40;240;40
242;40;244;40
252;40;253;40
256;40;258;40
262;40;263;40
265;40;267;40
273;40;274;40
279;40;281;40
286;40;288;40
295;40;296;40
298;40;300;40
305;40;306;40
308;40;309;40
312;40;316;40
320;40;321;40
328;40;330;40
335;40;336;40
341;40;342;40
344;40;346;40
348;40;350;40
356;40;357;40
361;40;362;40
365;40;369;40
371;40;372;40
377;40;378;40
394;40;396;40
402;40;406;40
409;40;412;40
595;40;598;40
2;41;5;41
190;41;193;41
198;41;199;41
206;41;208;41
220;41;222;41
225;41;227;41
230;41;232;41
234;41;236;41
238;41;240;41
243;41;245;41
252;41;254;41
256;41;259;41
262;41;263;41
266;41;267;41
273;41;274;41
279;41;280;41
286;41;288;41
295;41;297;41
299;41;300;41
304;41;306;41
308;41;309;41
313;41;316;41
320;41;322;41
328;41;330;41
335;41;337;41
340;41;342;41
344;41;346;41
349;41;351;41
356;41;357;41
361;41;362;41
366;41;369;41
371;41;373;41
376;41;378;41
394;41;396;41
401;41;402;41
409;41;412;41
595;41;598;41
2;42;5;42
190;42;193;42
197;42;198;42
199;42;200;42
201;42;202;42
206;42;208;42
221;42;226;42
230;42;236;42
238;42;240;42
244;42;246;42
253;42;257;42
258;42;263;42
266;42;271;42
273;42;280;42
286;42;288;42
295;42;297;42
299;42;305;42
308;42;309;42
314;42;316;42
318;42;323;42
329;42;330;42
336;42;341;42
344;42;346;42
350;42;352;42
354;42;359;42
361;42;362;42
367;42;369;42
372;42;377;42
394;42;396;42
402;42;404;42
409;42;412;42
595;42;598;42
2;43;5;43
190;43;193;43
197;43;199;43
200;43;201;43
206;43;208;43
223;43;224;43
232;43;233;43
260;43;261;43
267;43;271;43
274;43;277;43
302;43;303;43
319;43;320;43
338;43;339;43
374;43;375;43
394;43;396;43
401;43;402;43
403;43;405;43
409;43;412;43
595;43;598;43
2;44;5;44
190;44;193;44
206;44;208;44
394;44;396;44
401;44;402;44
404;44;405;44
409;44;412;44
595;44;598;44
2;45;5;45
190;45;193;45
200;45;201;45
206;45;208;45
394;45;396;45
400;45;405;45
409;45;412;45
595;45;598;45
2;46;5;46
16;46;21;46
23;46;29;46
33;46;37;46
40;46;45;46
47;46;48;46
55;46;60;46
69;46;71;46
76;46;77;46
83;46;84;46
86;46;91;46
100;46;101;46
106;46;107;46
114;46;115;46
121;46;126;46
130;46;135;46
144;46;148;46
151;46;153;46
158;46;160;46
161;46;167;46
169;46;173;46
190;46;193;46
198;46;202;46
206;46;208;46
394;46;396;46
409;46;412;46
595;46;598;46
2;47;5;47
16;47;18;47
20;47;22;47
23;47;25;47
32;47;34;47
35;47;37;47
40;47;41;47
44;47;46;47
47;47;48;47
54;47;57;47
69;47;71;47
76;47;78;47
83;47;84;47
86;47;87;47
90;47;92;47
100;47;102;47
105;47;108;47
113;47;116;47
120;47;122;47
125;47;127;47
130;47;132;47
143;47;145;47
147;47;149;47
151;47;153;47
158;47;159;47
161;47;163;47
169;47;170;47
172;47;174;47
190;47;193;47
198;47;200;47
201;47;202;47
206;47;208;47
394;47;396;47
409;47;412;47
595;47;598;47
2;48;5;48
16;48;18;48
20;48;22;48
23;48;24;48
31;48;33;48
37;48;38;48
40;48;41;48
44;48;46;48
47;48;48;48
55;48;56;48
68;48;72;48
76;48;79;48
83;48;84;48
86;48;87;48
91;48;93;48
99;48;103;48
105;48;108;48
113;48;114;48
115;48;116;48
121;48;122;48
126;48;128;48
130;48;131;48
143;48;144;48
148;48;150;48
152;48;154;48
158;48;159;48
161;48;162;48
169;48;170;48
173;48;174;48
190;48;193;48
199;48;202;48
206;48;208;48
227;48;230;48
236;48;238;48
243;48;248;48
250;48;258;48
270;48;271;48
275;48;276;48
282;48;286;48
292;48;296;48
308;48;309;48
315;48;316;48
320;48;323;48
327;48;328;48
347;48;348;48
351;48;354;48
358;48;363;48
366;48;370;48
394;48;396;48
409;48;412;48
595;48;598;48
2;49;5;49
16;49;18;49
20;49;22;49
23;49;25;49
31;49;32;49
37;49;38;49
40;49;41;49
44;49;46;49
47;49;48;49
55;49;56;49
68;49;69;49
71;49;72;49
76;49;80;49
83;49;84;49
86;49;87;49
92;49;94;49
99;49;101;49
102;49;106;49
107;49;109;49
113;49;114;49
116;49;117;49
121;49;122;49
127;49;128;49
130;49;131;49
142;49;144;49
149;49;150;49
152;49;154;49
157;49;159;49
161;49;163;49
169;49;170;49
173;49;174;49
190;49;193;49
199;49;201;49
206;49;208;49
225;49;230;49
234;49;240;49
242;49;248;49
250;49;258;49
260;49;261;49
270;49;271;49
275;49;277;49
282;49;287;49
291;49;296;49
308;49;310;49
314;49;316;49
319;49;324;49
326;49;328;49
333;49;334;49
340;49;341;49
346;49;348;49
349;49;354;49
357;49;363;49
365;49;371;49
394;49;396;49
409;49;412;49
595;49;598;49
2;50;5;50
17;50;21;50
24;50;28;50
31;50;32;50
37;50;39;50
40;50;45;50
47;50;48;50
55;50;59;50
68;50;69;50
71;50;73;50
76;50;77;50
79;50;81;50
83;50;84;50
86;50;87;50
92;50;94;50
99;50;101;50
103;50;105;50
107;50;109;50
112;50;114;50
116;50;118;50
121;50;122;50
127;50;129;50
130;50;134;50
142;50;143;50
149;50;150;50
153;50;154;50
157;50;158;50
161;50;166;50
169;50;174;50
190;50;193;50
198;50;201;50
206;50;208;50
225;50;226;50
234;50;235;50
239;50;240;50
243;50;244;50
253;50;255;50
259;50;261;50
270;50;271;50
274;50;277;50
282;50;283;50
286;50;288;50
291;50;292;50
309;50;311;50
314;50;315;50
318;50;320;50
323;50;325;50
326;50;328;50
333;50;334;50
340;50;341;50
346;50;348;50
349;50;350;50
357;50;359;50
365;50;366;50
370;50;372;50
394;50;396;50
409;50;412;50
595;50;598;50
2;51;5;51
17;51;19;51
24;51;25;51
31;51;32;51
37;51;39;51
40;51;43;51
47;51;49;51
55;51;57;51
67;51;73;51
76;51;78;51
80;51;82;51
83;51;84;51
86;51;87;51
92;51;94;51
99;51;101;51
108;51;109;51
112;51;118;51
121;51;122;51
127;51;129;51
130;51;132;51
142;51;143;51
149;51;150;51
153;51;155;51
156;51;158;51
161;51;163;51
169;51;174;51
190;51;193;51
198;51;199;51
206;51;208;51
225;51;226;51
233;51;235;51
239;51;241;51
243;51;244;51
253;51;255;51
259;51;261;51
270;51;271;51
274;51;275;51
277;51;278;51
282;51;283;51
286;51;288;51
291;51;293;51
310;51;312;51
313;51;315;51
318;51;319;51
324;51;325;51
326;51;328;51
333;51;334;51
340;51;341;51
346;51;348;51
349;51;350;51
357;51;359;51
365;51;366;51
371;51;373;51
394;51;396;51
401;51;402;51
404;51;405;51
409;51;412;51
595;51;598;51
2;52;5;52
17;52;18;52
24;52;25;52
31;52;32;52
37;52;38;52
41;52;42;52
47;52;49;52
55;52;56;52
67;52;74;52
76;52;78;52
81;52;84;52
86;52;87;52
92;52;94;52
99;52;101;52
108;52;109;52
112;52;119;52
121;52;122;52
127;52;128;52
130;52;132;52
142;52;144;52
148;52;150;52
154;52;155;52
156;52;158;52
161;52;163;52
169;52;170;52
173;52;175;52
190;52;193;52
198;52;202;52
206;52;208;52
225;52;231;52
233;52;235;52
240;52;241;52
243;52;245;52
246;52;248;52
253;52;255;52
259;52;261;52
270;52;271;52
274;52;275;52
277;52;279;52
282;52;283;52
286;52;287;52
291;52;295;52
311;52;314;52
318;52;319;52
324;52;325;52
327;52;328;52
333;52;334;52
340;52;341;52
346;52;348;52
349;52;355;52
358;52;362;52
365;52;367;52
371;52;373;52
394;52;396;52
400;52;405;52
409;52;412;52
595;52;598;52
2;53;5;53
17;53;18;53
24;53;25;53
31;53;33;53
36;53;38;53
41;53;42;53
47;53;49;53
55;53;56;53
67;53;68;53
73;53;74;53
76;53;78;53
82;53;84;53
86;53;87;53
91;53;93;53
100;53;101;53
108;53;110;53
112;53;113;53
118;53;119;53
121;53;122;53
126;53;128;53
130;53;132;53
143;53;144;53
148;53;149;53
154;53;157;53
161;53;163;53
169;53;170;53
174;53;176;53
190;53;193;53
198;53;199;53
206;53;208;53
226;53;228;53
230;53;232;53
233;53;234;53
240;53;241;53
243;53;248;53
253;53;255;53
259;53;261;53
265;53;266;53
270;53;271;53
274;53;275;53
277;53;279;53
282;53;287;53
291;53;296;53
312;53;314;53
317;53;319;53
324;53;325;53
327;53;328;53
333;53;334;53
340;53;341;53
346;53;348;53
350;53;352;53
354;53;356;53
358;53;362;53
365;53;367;53
372;53;373;53
394;53;396;53
409;53;412;53
595;53;598;53
2;54;5;54
17;54;18;54
24;54;29;54
32;54;37;54
41;54;42;54
47;54;53;54
55;54;61;54
67;54;68;54
73;54;75;54
76;54;78;54
83;54;84;54
86;54;92;54
100;54;101;54
108;54;110;54
111;54;113;54
118;54;120;54
121;54;127;54
130;54;136;54
143;54;149;54
154;54;157;54
161;54;167;54
169;54;170;54
175;54;177;54
190;54;193;54
198;54;201;54
206;54;208;54
231;54;232;54
233;54;234;54
240;54;241;54
243;54;244;54
253;54;255;54
260;54;261;54
264;54;266;54
270;54;271;54
273;54;280;54
282;54;284;54
285;54;288;54
291;54;293;54
312;54;314;54
317;54;319;54
324;54;325;54
327;54;328;54
333;54;334;54
340;54;342;54
346;54;348;54
355;54;356;54
358;54;359;54
365;54;367;54
371;54;373;54
394;54;396;54
401;54;405;54
409;54;412;54
595;54;598;54
2;55;5;55
25;55;29;55
34;55;35;55
48;55;52;55
56;55;60;55
87;55;90;55
122;55;125;55
131;55;136;55
145;55;147;55
163;55;167;55
190;55;193;55
200;55;201;55
206;55;208;55
226;55;227;55
231;55;232;55
233;55;235;55
239;55;241;55
243;55;244;55
253;55;255;55
260;55;261;55
264;55;267;55
270;55;271;55
273;55;274;55
279;55;280;55
282;55;284;55
287;55;289;55
291;55;293;55
312;55;314;55
318;55;319;55
323;55;325;55
327;55;329;55
332;55;334;55
341;55;342;55
346;55;348;55
350;55;351;55
355;55;356;55
358;55;359;55
365;55;367;55
371;55;373;55
394;55;396;55
401;55;403;55
404;55;405;55
409;55;412;55
595;55;598;55
2;56;5;56
190;56;193;56
206;56;208;56
226;56;232;56
234;56;240;56
243;56;245;56
254;56;255;56
260;56;265;56
266;56;268;56
269;56;271;56
273;56;274;56
279;56;281;56
282;56;284;56
288;56;290;56
292;56;293;56
300;56;301;56
312;56;314;56
318;56;324;56
328;56;333;56
341;56;347;56
350;56;356;56
358;56;360;56
365;56;372;56
394;56;396;56
401;56;405;56
409;56;412;56
595;56;598;56
2;57;5;57
190;57;193;57
198;57;202;57
206;57;208;57
227;57;231;57
235;57;239;57
243;57;244;57
254;57;255;57
262;57;264;57
267;57;270;57
273;57;274;57
280;57;281;57
282;57;283;57
289;57;290;57
292;57;297;57
300;57;301;57
313;57;314;57
320;57;323;57
329;57;332;57
342;57;345;57
351;57;355;57
358;57;364;57
366;57;371;57
394;57;396;57
409;57;412;57
595;57;598;57
2;58;5;58
190;58;193;58
198;58;200;58
201;58;202;58
206;58;208;58
299;58;300;58
394;58;396;58
400;58;405;58
409;58;412;58
595;58;598;58
2;59;5;59
190;59;193;59
200;59;202;59
206;59;208;59
394;59;396;59
409;59;412;59
595;59;598;59
2;60;5;60
24;60;25;60
31;60;33;60
38;60;41;60
49;60;51;60
56;60;57;60
61;60;67;60
69;60;70;60
76;60;77;60
84;60;90;60
93;60;97;60
101;60;102;60
107;60;108;60
115;60;121;60
124;60;128;60
132;60;136;60
145;60;154;60
155;60;156;60
161;60;162;60
165;60;170;60
190;60;193;60
206;60;208;60
394;60;396;60
401;60;403;60
409;60;412;60
595;60;598;60
2;61;5;61
24;61;28;61
30;61;33;61
37;61;42;61
49;61;52;61
55;61;57;61
62;61;66;61
68;61;70;61
76;61;78;61
84;61;89;61
92;61;98;61
101;61;103;61
107;61;109;61
115;61;117;61
118;61;121;61
123;61;126;61
127;61;129;61
131;61;134;61
135;61;137;61
146;61;151;61
152;61;153;61
155;61;156;61
161;61;162;61
164;61;169;61
190;61;193;61
197;61;202;61
206;61;208;61
394;61;396;61
400;61;405;61
409;61;412;61
595;61;598;61
2;62;5;62
23;62;28;62
29;62;33;62
36;62;38;62
41;62;43;62
49;62;53;62
55;62;58;62
63;62;65;62
68;62;70;62
76;62;78;62
86;62;87;62
92;62;93;62
97;62;98;62
101;62;104;62
107;62;109;62
115;62;117;62
123;62;124;62
128;62;130;62
131;62;133;62
136;62;137;62
149;62;151;62
155;62;156;62
161;62;162;62
164;62;166;62
190;62;193;62
198;62;199;62
201;62;202;62
206;62;208;62
218;62;220;62
226;62;228;62
245;62;248;62
285;62;288;62
297;62;298;62
304;62;306;62
312;62;314;62
328;62;331;62
340;62;341;62
355;62;357;62
366;62;369;62
370;62;374;62
378;62;380;62
394;62;396;62
399;62;400;62
404;62;405;62
409;62;412;62
595;62;598;62
2;63;5;63
22;63;23;63
31;63;33;63
36;63;38;63
42;63;43;63
49;63;51;63
52;63;58;63
64;63;65;63
69;63;70;63
76;63;78;63
86;63;88;63
91;63;93;63
98;63;99;63
101;63;105;63
107;63;109;63
115;63;117;63
123;63;124;63
129;63;130;63
132;63;133;63
136;63;137;63
149;63;151;63
155;63;156;63
161;63;162;63
164;63;166;63
190;63;193;63
198;63;199;63
201;63;202;63
206;63;208;63
216;63;221;63
224;63;229;63
232;63;235;63
239;63;240;63
244;63;249;63
253;63;255;63
260;63;262;63
267;63;268;63
270;63;272;63
277;63;278;63
284;63;289;63
293;63;299;63
302;63;306;63
311;63;316;63
318;63;320;63
325;63;326;63
327;63;332;63
338;63;343;63
345;63;350;63
353;63;358;63
365;63;374;63
377;63;381;63
394;63;396;63
399;63;401;63
403;63;405;63
409;63;412;63
595;63;598;63
2;64;5;64
23;64;27;64
31;64;33;64
36;64;37;64
42;64;43;64
49;64;51;64
53;64;55;64
57;64;58;64
64;64;65;64
69;64;70;64
76;64;78;64
86;64;88;64
91;64;93;64
98;64;99;64
101;64;102;64
103;64;106;64
107;64;109;64
115;64;121;64
122;64;124;64
129;64;130;64
132;64;133;64
135;64;137;64
149;64;151;64
155;64;162;64
165;64;169;64
190;64;193;64
199;64;201;64
206;64;208;64
215;64;217;64
224;64;225;64
228;64;230;64
232;64;236;64
238;64;241;64
244;64;245;64
248;64;250;64
253;64;256;64
260;64;263;64
267;64;268;64
271;64;273;64
276;64;278;64
284;64;286;64
288;64;290;64
293;64;295;64
301;64;302;64
310;64;312;64
315;64;317;64
318;64;320;64
325;64;326;64
327;64;329;64
332;64;333;64
337;64;339;64
345;64;346;64
353;64;354;64
369;64;371;64
376;64;378;64
381;64;382;64
394;64;396;64
400;64;405;64
409;64;412;64
595;64;598;64
2;65;5;65
24;65;28;65
31;65;33;65
36;65;37;65
42;65;43;65
49;65;51;65
57;65;59;65
64;65;65;65
69;65;70;65
76;65;78;65
86;65;88;65
91;65;92;65
98;65;99;65
101;65;102;65
104;65;106;65
107;65;109;65
115;65;120;65
122;65;124;65
129;65;130;65
132;65;137;65
149;65;151;65
155;65;163;65
165;65;168;65
190;65;193;65
199;65;201;65
206;65;208;65
215;65;216;65
223;65;225;65
229;65;230;65
232;65;241;65
244;65;245;65
248;65;250;65
252;65;254;65
255;65;256;65
260;65;264;65
267;65;268;65
272;65;274;65
276;65;277;65
284;65;286;65
289;65;290;65
293;65;295;65
301;65;302;65
310;65;311;65
316;65;317;65
318;65;320;65
325;65;326;65
327;65;329;65
332;65;333;65
337;65;338;65
345;65;346;65
352;65;354;65
369;65;371;65
376;65;377;65
381;65;383;65
394;65;396;65
409;65;412;65
595;65;598;65
2;66;5;66
24;66;25;66
28;66;29;66
31;66;33;66
36;66;37;66
42;66;43;66
49;66;51;66
58;66;59;66
64;66;65;66
69;66;70;66
76;66;78;66
86;66;88;66
91;66;93;66
98;66;99;66
101;66;102;66
105;66;109;66
116;66;117;66
122;66;124;66
129;66;130;66
132;66;133;66
136;66;138;66
149;66;151;66
155;66;157;66
161;66;163;66
165;66;166;66
190;66;193;66
198;66;202;66
206;66;208;66
215;66;216;66
223;66;224;66
229;66;231;66
232;66;234;66
235;66;238;66
240;66;241;66
244;66;246;66
248;66;250;66
252;66;253;66
255;66;257;66
260;66;262;66
263;66;265;66
267;66;268;66
273;66;276;66
284;66;286;66
288;66;290;66
294;66;295;66
301;66;307;66
310;66;311;66
316;66;317;66
318;66;320;66
325;66;326;66
328;66;329;66
332;66;333;66
336;66;338;66
345;66;347;66
353;66;358;66
369;66;371;66
375;66;377;66
382;66;383;66
394;66;396;66
400;66;402;66
409;66;412;66
595;66;598;66
2;67;5;67
24;67;25;67
26;67;28;67
31;67;33;67
36;67;38;67
41;67;43;67
49;67;51;67
58;67;59;67
64;67;65;67
69;67;70;67
76;67;78;67
86;67;88;67
92;67;93;67
97;67;98;67
101;67;102;67
106;67;109;67
116;67;117;67
123;67;124;67
128;67;130;67
132;67;133;67
137;67;139;67
149;67;151;67
155;67;157;67
161;67;163;67
165;67;166;67
190;67;193;67
198;67;200;67
201;67;202;67
206;67;208;67
214;67;216;67
223;67;224;67
230;67;231;67
232;67;234;67
236;67;238;67
240;67;242;67
245;67;249;67
252;67;253;67
256;67;257;67
260;67;262;67
264;67;266;67
267;67;269;67
274;67;276;67
284;67;289;67
294;67;298;67
302;67;308;67
309;67;311;67
316;67;317;67
319;67;320;67
325;67;326;67
328;67;333;67
336;67;338;67
345;67;349;67
354;67;360;67
369;67;371;67
375;67;376;67
382;67;383;67
394;67;396;67
402;67;405;67
409;67;412;67
595;67;598;67
2;68;5;68
22;68;27;68
29;68;34;68
37;68;42;68
49;68;51;68
58;68;60;68
62;68;67;68
69;68;75;68
77;68;82;68
85;68;90;68
92;68;98;68
101;68;102;68
107;68;109;68
116;68;117;68
123;68;129;68
132;68;133;68
138;68;139;68
149;68;151;68
155;68;157;68
161;68;163;68
165;68;170;68
190;68;193;68
199;68;202;68
206;68;208;68
215;68;216;68
223;68;224;68
229;68;231;68
232;68;234;68
240;68;242;68
244;68;246;68
252;68;258;68
260;68;262;68
264;68;269;68
274;68;276;68
284;68;290;68
294;68;295;68
307;68;308;68
309;68;311;68
316;68;317;68
319;68;320;68
325;68;326;68
328;68;333;68
337;68;338;68
345;68;347;68
358;68;360;68
369;68;371;68
375;68;376;68
382;68;383;68
394;68;396;68
404;68;405;68
409;68;412;68
595;68;598;68
2;69;5;69
29;69;34;69
38;69;41;69
62;69;64;69
65;69;67;69
69;69;74;69
77;69;82;69
85;69;87;69
88;69;89;69
94;69;96;69
108;69;109;69
116;69;117;69
125;69;127;69
132;69;133;69
149;69;150;69
162;69;163;69
166;69;170;69
190;69;193;69
206;69;208;69
215;69;217;69
223;69;225;69
229;69;230;69
232;69;234;69
241;69;242;69
245;69;246;69
251;69;253;69
257;69;258;69
260;69;262;69
265;69;269;69
274;69;276;69
284;69;286;69
289;69;291;69
294;69;295;69
307;69;308;69
310;69;311;69
315;69;317;69
319;69;320;69
324;69;326;69
328;69;329;69
332;69;334;69
337;69;338;69
345;69;347;69
353;69;354;69
358;69;360;69
369;69;371;69
375;69;377;69
381;69;383;69
394;69;396;69
409;69;412;69
595;69;598;69
2;70;5;70
190;70;193;70
197;70;202;70
206;70;208;70
216;70;218;70
220;70;222;70
224;70;226;70
228;70;230;70
232;70;234;70
241;70;243;70
245;70;246;70
251;70;252;70
257;70;259;70
260;70;262;70
266;70;269;70
274;70;276;70
284;70;286;70
290;70;292;70
294;70;295;70
302;70;304;70
306;70;308;70
310;70;312;70
314;70;316;70
319;70;322;70
323;70;325;70
328;70;329;70
333;70;335;70
338;70;340;70
342;70;344;70
345;70;347;70
353;70;355;70
357;70;360;70
369;70;371;70
376;70;378;70
380;70;382;70
394;70;396;70
404;70;405;70
409;70;412;70
595;70;598;70
2;71;5;71
190;71;193;71
198;71;199;71
206;71;208;71
217;71;221;71
225;71;229;71
241;71;243;71
245;71;246;71
251;71;252;71
258;71;259;71
261;71;262;71
267;71;269;71
274;71;276;71
285;71;286;71
291;71;292;71
294;71;300;71
303;71;307;71
311;71;315;71
320;71;324;71
328;71;329;71
334;71;335;71
339;71;343;71
346;71;351;71
354;71;359;71
369;71;371;71
377;71;381;71
394;71;396;71
404;71;405;71
409;71;412;71
595;71;598;71
2;72;5;72
190;72;193;72
198;72;199;72
201;72;202;72
206;72;208;72
394;72;396;72
401;72;402;72
404;72;405;72
409;72;412;72
595;72;598;72
2;73;5;73
190;73;193;73
197;73;202;73
206;73;208;73
394;73;396;73
401;73;402;73
404;73;405;73
409;73;412;73
595;73;598;73
2;74;5;74
68;74;71;74
76;74;79;74
83;74;85;74
90;74;91;74
95;74;99;74
104;74;105;74
111;74;112;74
118;74;119;74
121;74;122;74
128;74;129;74
190;74;193;74
206;74;208;74
394;74;396;74
402;74;405;74
409;74;412;74
595;74;598;74
2;75;5;75
67;75;72;75
75;75;80;75
83;75;85;75
89;75;91;75
95;75;97;75
98;75;100;75
104;75;106;75
111;75;113;75
118;75;119;75
121;75;123;75
127;75;129;75
190;75;193;75
199;75;201;75
206;75;208;75
394;75;396;75
409;75;412;75
595;75;598;75
2;76;5;76
66;76;68;76
74;76;76;76
79;76;81;76
83;76;86;76
88;76;91;76
95;76;96;76
99;76;101;76
103;76;107;76
111;76;114;76
118;76;119;76
122;76;124;76
127;76;128;76
190;76;193;76
198;76;199;76
201;76;202;76
206;76;208;76
394;76;396;76
401;76;405;76
409;76;412;76
595;76;598;76
2;77;5;77
66;77;67;77
74;77;75;77
80;77;81;77
83;77;84;77
85;77;89;77
90;77;92;77
95;77;96;77
99;77;101;77
103;77;104;77
106;77;107;77
111;77;115;77
118;77;119;77
123;77;125;77
126;77;128;77
190;77;193;77
198;77;199;77
201;77;202;77
206;77;208;77
228;77;230;77
238;77;242;77
247;77;251;77
254;77;256;77
259;77;260;77
269;77;271;77
276;77;285;77
293;77;295;77
305;77;306;77
315;77;316;77
318;77;323;77
328;77;329;77
335;77;343;77
344;77;346;77
350;77;351;77
354;77;359;77
361;77;366;77
394;77;396;77
401;77;402;77
409;77;412;77
595;77;598;77
2;78;5;78
65;78;67;78
74;78;75;78
80;78;82;78
83;78;84;78
86;78;89;78
91;78;92;78
95;78;97;78
98;78;100;78
103;78;104;78
106;78;108;78
111;78;113;78
114;78;116;78
118;78;119;78
124;78;127;78
190;78;193;78
199;78;201;78
206;78;208;78
228;78;230;78
237;78;239;78
241;78;243;78
246;78;248;78
250;78;252;78
254;78;256;78
258;78;260;78
269;78;272;78
280;78;282;78
293;78;296;78
305;78;306;78
315;78;316;78
318;78;319;78
327;78;330;78
338;78;340;78
344;78;346;78
350;78;352;78
354;78;355;78
361;78;363;78
365;78;367;78
394;78;396;78
401;78;405;78
409;78;412;78
595;78;598;78
2;79;5;79
65;79;67;79
74;79;75;79
80;79;82;79
83;79;84;79
87;79;88;79
91;79;93;79
95;79;99;79
103;79;104;79
106;79;108;79
111;79;113;79
115;79;117;79
118;79;119;79
125;79;127;79
190;79;193;79
206;79;208;79
228;79;230;79
236;79;238;79
242;79;244;79
246;79;247;79
251;79;253;79
255;79;256;79
257;79;259;79
269;79;270;79
271;79;273;79
280;79;282;79
292;79;294;79
295;79;296;79
305;79;306;79
315;79;316;79
318;79;319;79
327;79;328;79
329;79;331;79
338;79;340;79
345;79;346;79
350;79;352;79
354;79;355;79
361;79;363;79
366;79;367;79
394;79;396;79
403;79;404;79
409;79;412;79
430;79;438;79
439;79;440;79
445;79;446;79
449;79;454;79
456;79;462;79
464;79;470;79
595;79;598;79
2;80;5;80
66;80;67;80
74;80;75;80
80;80;82;80
83;80;84;80
91;80;93;80
95;80;97;80
102;80;109;80
111;80;113;80
116;80;119;80
125;80;127;80
190;80;193;80
198;80;199;80
201;80;202;80
206;80;208;80
229;80;230;80
236;80;238;80
243;80;244;80
245;80;247;80
252;80;253;80
255;80;258;80
268;80;270;80
272;80;273;80
280;80;282;80
292;80;293;80
295;80;297;80
305;80;306;80
315;80;316;80
318;80;319;80
326;80;328;80
330;80;331;80
338;80;340;80
345;80;346;80
350;80;352;80
354;80;356;80
362;80;363;80
366;80;367;80
394;80;396;80
400;80;401;80
409;80;412;80
430;80;438;80
439;80;441;80
445;80;446;80
449;80;453;80
456;80;461;80
464;80;466;80
467;80;469;80
595;80;598;80
2;81;5;81
66;81;68;81
74;81;76;81
79;81;81;81
83;81;85;81
92;81;93;81
95;81;97;81
102;81;103;81
108;81;109;81
111;81;113;81
116;81;119;81
125;81;127;81
190;81;193;81
198;81;199;81
201;81;202;81
206;81;208;81
229;81;230;81
236;81;237;81
243;81;244;81
245;81;246;81
252;81;253;81
255;81;258;81
268;81;269;81
272;81;274;81
280;81;282;81
292;81;293;81
296;81;297;81
305;81;306;81
310;81;311;81
315;81;316;81
318;81;322;81
326;81;328;81
330;81;332;81
338;81;340;81
345;81;352;81
354;81;358;81
362;81;367;81
394;81;396;81
400;81;405;81
409;81;412;81
433;81;435;81
439;81;441;81
445;81;446;81
451;81;452;81
456;81;457;81
464;81;466;81
595;81;598;81
2;82;5;82
67;82;73;82
75;82;81;82
83;82;85;82
92;82;94;82
95;82;97;82
102;82;103;82
108;82;110;82
111;82;113;82
117;82;120;82
125;82;127;82
131;82;132;82
190;82;193;82
199;82;202;82
206;82;208;82
229;82;230;82
236;82;237;82
243;82;244;82
245;82;246;82
252;82;253;82
255;82;256;82
257;82;259;82
268;82;274;82
280;82;282;82
292;82;298;82
305;82;306;82
310;82;311;82
315;82;316;82
318;82;320;82
326;82;332;82
338;82;340;82
345;82;347;82
350;82;352;82
354;82;356;82
362;82;367;82
394;82;396;82
409;82;412;82
433;82;435;82
439;82;441;82
445;82;447;82
451;82;452;82
456;82;458;82
464;82;466;82
595;82;598;82
2;83;5;83
68;83;72;83
76;83;79;83
92;83;93;83
96;83;97;83
102;83;103;83
109;83;110;83
118;83;119;83
125;83;126;83
130;83;132;83
190;83;193;83
200;83;201;83
206;83;208;83
229;83;230;83
236;83;238;83
242;83;244;83
245;83;247;83
251;83;253;83
255;83;256;83
258;83;260;83
268;83;269;83
273;83;275;83
280;83;282;83
291;83;293;83
296;83;298;83
305;83;306;83
309;83;311;83
315;83;316;83
318;83;320;83
326;83;328;83
331;83;333;83
338;83;340;83
345;83;346;83
351;83;352;83
354;83;356;83
362;83;363;83
366;83;368;83
394;83;396;83
409;83;412;83
433;83;435;83
439;83;447;83
451;83;452;83
456;83;461;83
464;83;469;83
595;83;598;83
2;84;5;84
190;84;193;84
198;84;202;84
206;84;208;84
229;84;230;84
237;84;238;84
241;84;243;84
246;84;248;84
250;84;252;84
255;84;256;84
259;84;261;84
267;84;269;84
274;84;275;84
280;84;282;84
291;84;293;84
297;84;299;84
305;84;307;84
308;84;312;84
315;84;316;84
318;84;320;84
326;84;327;84
332;84;333;84
338;84;340;84
345;84;346;84
351;84;352;84
354;84;356;84
362;84;363;84
367;84;369;84
394;84;396;84
409;84;412;84
433;84;435;84
439;84;447;84
451;84;453;84
456;84;460;84
464;84;469;84
595;84;598;84
2;85;5;85
190;85;193;85
198;85;200;85
201;85;202;85
206;85;208;85
229;85;235;85
237;85;242;85
247;85;251;85
255;85;256;85
260;85;261;85
267;85;269;85
274;85;275;85
280;85;282;85
291;85;292;85
298;85;299;85
306;85;309;85
311;85;316;85
319;85;324;85
326;85;327;85
332;85;334;85
338;85;340;85
345;85;346;85
351;85;352;85
355;85;360;85
362;85;363;85
368;85;370;85
394;85;396;85
404;85;406;85
409;85;412;85
433;85;435;85
439;85;441;85
445;85;447;85
451;85;453;85
456;85;458;85
464;85;466;85
595;85;598;85
2;86;5;86
190;86;193;86
198;86;202;86
206;86;208;86
394;86;396;86
404;86;405;86
409;86;412;86
433;86;435;86
439;86;441;86
446;86;447;86
451;86;453;86
457;86;458;86
464;86;466;86
595;86;598;86
2;87;5;87
190;87;193;87
206;87;208;87
394;87;396;87
401;87;405;87
409;87;412;87
433;87;435;87
439;87;441;87
446;87;447;87
450;87;454;87
457;87;462;87
465;87;466;87
471;87;473;87
595;87;598;87
2;88;5;88
190;88;193;88
206;88;208;88
394;88;396;88
401;88;403;88
404;88;405;88
409;88;412;88
440;88;441;88
446;88;447;88
450;88;452;88
453;88;454;88
457;88;462;88
465;88;466;88
471;88;472;88
595;88;598;88
2;89;5;89
190;89;193;89
206;89;208;89
394;89;396;89
401;89;405;89
409;89;412;89
595;89;598;89
2;90;5;90
190;90;193;90
206;90;208;90
394;90;396;90
409;90;412;90
595;90;598;90
2;91;5;91
190;91;193;91
206;91;208;91
265;91;266;91
276;91;277;91
279;91;284;91
286;91;292;91
300;91;304;91
307;91;313;91
315;91;323;91
325;91;330;91
394;91;396;91
401;91;405;91
409;91;412;91
595;91;598;91
2;92;5;92
190;92;193;92
206;92;208;92
265;92;266;92
275;92;277;92
278;92;283;92
286;92;288;92
290;92;292;92
299;92;301;92
303;92;304;92
308;92;312;92
315;92;323;92
324;92;329;92
394;92;396;92
401;92;402;92
409;92;412;92
595;92;598;92
2;93;5;93
84;93;85;93
190;93;193;93
206;93;208;93
265;93;266;93
275;93;277;93
278;93;280;93
286;93;288;93
291;93;292;93
299;93;300;93
309;93;311;93
318;93;320;93
325;93;326;93
394;93;396;93
401;93;405;93
409;93;412;93
595;93;598;93
2;94;5;94
84;94;85;94
190;94;193;94
206;94;208;94
265;94;266;94
275;94;277;94
279;94;280;94
286;94;288;94
290;94;292;94
299;94;300;94
310;94;311;94
318;94;320;94
325;94;326;94
394;94;396;94
401;94;402;94
409;94;412;94
595;94;598;94
2;95;5;95
84;95;85;95
190;95;193;95
206;95;208;95
265;95;266;95
270;95;271;95
275;95;277;95
279;95;283;95
286;95;288;95
289;95;293;95
299;95;305;95
310;95;311;95
318;95;320;95
325;95;329;95
394;95;396;95
401;95;402;95
409;95;412;95
450;95;451;95
595;95;598;95
2;96;5;96
84;96;85;96
134;96;136;96
137;96;138;96
190;96;193;96
206;96;208;96
265;96;266;96
270;96;271;96
275;96;277;96
279;96;282;96
286;96;288;96
292;96;294;96
304;96;306;96
310;96;311;96
318;96;320;96
325;96;328;96
394;96;396;96
401;96;405;96
409;96;412;96
450;96;451;96
595;96;598;96
2;97;5;97
84;97;85;97
134;97;135;97
138;97;139;97
190;97;193;97
206;97;208;97
265;97;266;97
270;97;272;97
275;97;277;97
279;97;280;97
286;97;288;97
293;97;294;97
305;97;306;97
310;97;311;97
318;97;320;97
325;97;326;97
394;97;396;97
409;97;412;97
450;97;451;97
546;97;547;97
595;97;598;97
2;98;5;98
84;98;85;98
133;98;134;98
138;98;139;98
190;98;193;98
206;98;208;98
266;98;267;98
269;98;272;98
275;98;277;98
279;98;280;98
286;98;288;98
292;98;294;98
299;98;301;98
304;98;306;98
310;98;311;98
318;98;320;98
325;98;326;98
394;98;396;98
401;98;405;98
409;98;412;98
450;98;451;98
544;98;546;98
547;98;548;98
595;98;598;98
2;99;5;99
133;99;134;99
190;99;193;99
206;99;208;99
266;99;270;99
271;99;276;99
279;99;284;99
286;99;293;99
300;99;306;99
308;99;313;99
319;99;320;99
325;99;330;99
332;99;334;99
394;99;396;99
401;99;402;99
404;99;405;99
409;99;412;99
450;99;451;99
548;99;549;99
595;99;598;99
2;100;5;100
133;100;134;100
139;100;140;100
190;100;193;100
206;100;208;100
268;100;269;100
273;100;275;100
280;100;285;100
287;100;291;100
301;100;304;100
308;100;310;100
311;100;312;100
319;100;320;100
326;100;331;100
394;100;396;100
401;100;405;100
409;100;412;100
450;100;451;100
543;100;544;100
548;100;549;100
595;100;598;100
2;101;5;101
83;101;84;101
139;101;140;101
190;101;193;101
206;101;208;101
394;101;396;101
409;101;412;101
450;101;451;101
549;101;550;101
595;101;598;101
2;102;5;102
83;102;84;102
139;102;140;102
190;102;193;102
198;102;203;102
206;102;208;102
394;102;396;102
400;102;405;102
409;102;412;102
450;102;451;102
542;102;543;102
548;102;550;102
595;102;598;102
2;103;5;103
137;103;140;103
190;103;193;103
197;103;199;103
206;103;208;103
394;103;396;103
401;103;402;103
404;103;405;103
409;103;412;103
450;103;451;103
542;103;543;103
549;103;550;103
595;103;598;103
2;104;5;104
82;104;83;104
132;104;133;104
139;104;140;104
190;104;193;104
198;104;199;104
206;104;208;104
342;104;344;104
345;104;346;104
394;104;396;104
401;104;402;104
404;104;405;104
409;104;412;104
450;104;451;104
542;104;543;104
548;104;550;104
595;104;598;104
2;105;5;105
82;105;83;105
128;105;129;105
142;105;144;105
190;105;193;105
198;105;203;105
206;105;208;105
342;105;343;105
346;105;347;105
394;105;396;105
402;105;405;105
409;105;412;105
450;105;451;105
542;105;543;105
546;105;547;105
549;105;550;105
595;105;598;105
2;106;5;106
126;106;128;106
140;106;145;106
190;106;193;106
197;106;199;106
206;106;208;106
341;106;342;106
346;106;348;106
394;106;396;106
409;106;412;106
450;106;451;106
538;106;541;106
549;106;553;106
595;106;598;106
2;107;5;107
81;107;82;107
125;107;127;107
145;107;146;107
190;107;193;107
198;107;199;107
206;107;208;107
341;107;342;107
345;107;346;107
347;107;348;107
394;107;396;107
402;107;405;107
409;107;412;107
450;107;451;107
536;107;538;107
547;107;548;107
551;107;552;107
553;107;554;107
595;107;598;107
2;108;5;108
81;108;82;108
125;108;126;108
143;108;146;108
190;108;193;108
198;108;203;108
206;108;208;108
283;108;284;108
347;108;348;108
394;108;396;108
400;108;404;108
409;108;412;108
450;108;451;108
535;108;536;108
550;108;551;108
553;108;555;108
595;108;598;108
2;109;5;109
80;109;81;109
124;109;125;109
143;109;146;109
190;109;193;109
206;109;208;109
283;109;284;109
345;109;346;109
347;109;348;109
394;109;396;109
400;109;404;109
409;109;412;109
450;109;451;109
535;109;536;109
552;109;553;109
554;109;556;109
595;109;598;109
2;110;5;110
80;110;81;110
121;110;123;110
145;110;147;110
190;110;193;110
206;110;208;110
283;110;284;110
347;110;348;110
394;110;396;110
402;110;405;110
409;110;412;110
450;110;451;110
554;110;556;110
595;110;598;110
2;111;5;111
79;111;80;111
120;111;121;111
145;111;149;111
190;111;193;111
198;111;202;111
206;111;208;111
283;111;284;111
340;111;341;111
346;111;348;111
394;111;396;111
404;111;405;111
409;111;412;111
450;111;451;111
531;111;535;111
552;111;553;111
555;111;556;111
595;111;598;111
2;112;5;112
119;112;120;112
149;112;151;112
190;112;193;112
197;112;199;112
201;112;203;112
206;112;208;112
283;112;284;112
336;112;338;112
346;112;351;112
394;112;396;112
409;112;412;112
450;112;451;112
530;112;531;112
555;112;559;112
595;112;598;112
2;113;5;113
78;113;79;113
119;113;120;113
146;113;151;113
190;113;193;113
197;113;199;113
202;113;203;113
206;113;208;113
335;113;336;113
351;113;352;113
394;113;396;113
409;113;412;113
529;113;530;113
554;113;555;113
557;113;560;113
595;113;598;113
2;114;5;114
77;114;78;114
150;114;151;114
190;114;193;114
198;114;199;114
201;114;203;114
206;114;208;114
334;114;335;114
352;114;353;114
394;114;396;114
401;114;402;114
404;114;405;114
409;114;412;114
529;114;530;114
556;114;557;114
559;114;561;114
595;114;598;114
2;115;5;115
76;115;77;115
128;115;129;115
130;115;133;115
134;115;137;115
140;115;141;115
147;115;149;115
150;115;151;115
190;115;193;115
198;115;202;115
206;115;208;115
352;115;354;115
394;115;396;115
400;115;405;115
409;115;412;115
555;115;556;115
558;115;559;115
561;115;562;115
595;115;598;115
2;116;5;116
76;116;77;116
128;116;129;116
139;116;141;116
150;116;151;116
190;116;193;116
206;116;208;116
282;116;283;116
333;116;334;116
353;116;354;116
394;116;396;116
401;116;402;116
409;116;412;116
540;116;543;116
544;116;547;116
557;116;558;116
560;116;562;116
595;116;598;116
2;117;5;117
43;117;45;117
75;117;76;117
117;117;119;117
128;117;129;117
139;117;140;117
150;117;153;117
190;117;193;117
198;117;199;117
201;117;202;117
206;117;208;117
282;117;283;117
329;117;332;117
350;117;354;117
394;117;396;117
400;117;405;117
409;117;412;117
528;117;529;117
549;117;551;117
559;117;560;117
561;117;562;117
595;117;598;117
2;118;5;118
43;118;45;118
74;118;75;118
115;118;117;118
128;118;129;118
139;118;140;118
153;118;155;118
190;118;193;118
197;118;199;118
201;118;203;118
206;118;208;118
282;118;283;118
328;118;329;118
353;118;356;118
394;118;396;118
401;118;402;118
409;118;412;118
527;118;529;118
558;118;559;118
561;118;562;118
595;118;598;118
2;119;5;119
34;119;36;119
43;119;46;119
72;119;74;119
115;119;116;119
139;119;140;119
154;119;156;119
190;119;193;119
197;119;199;119
202;119;203;119
206;119;208;119
281;119;282;119
328;119;329;119
357;119;358;119
394;119;396;119
402;119;404;119
409;119;412;119
453;119;455;119
525;119;526;119
541;119;545;119
560;119;564;119
595;119;598;119
2;120;5;120
34;120;37;120
43;120;46;120
71;120;73;120
114;120;115;120
130;120;132;120
134;120;137;120
140;120;141;120
156;120;157;120
190;120;193;120
198;120;203;120
206;120;208;120
281;120;282;120
327;120;328;120
357;120;359;120
394;120;396;120
401;120;403;120
404;120;405;120
409;120;412;120
444;120;445;120
452;120;455;120
524;120;525;120
559;120;560;120
563;120;565;120
595;120;598;120
2;121;5;121
34;121;37;121
43;121;46;121
70;121;71;121
114;121;115;121
140;121;141;121
152;121;155;121
156;121;157;121
190;121;193;121
199;121;202;121
206;121;208;121
281;121;282;121
327;121;328;121
358;121;359;121
394;121;396;121
401;121;402;121
404;121;405;121
409;121;412;121
443;121;446;121
452;121;455;121
524;121;525;121
537;121;538;121
539;121;541;121
544;121;547;121
550;121;551;121
562;121;563;121
565;121;566;121
595;121;598;121
2;122;5;122
34;122;37;122
42;122;47;122
69;122;70;122
113;122;114;122
139;122;140;122
156;122;157;122
190;122;193;122
206;122;208;122
327;122;328;122
336;122;337;122
338;122;341;122
343;122;344;122
358;122;359;122
394;122;396;122
401;122;405;122
409;122;412;122
443;122;446;122
452;122;456;122
523;122;524;122
537;122;538;122
545;122;547;122
550;122;551;122
561;122;562;122
565;122;566;122
595;122;598;122
2;123;5;123
34;123;37;123
42;123;47;123
68;123;69;123
113;123;114;123
131;123;132;123
139;123;140;123
157;123;158;123
190;123;193;123
202;123;203;123
206;123;208;123
336;123;337;123
341;123;342;123
345;123;349;123
356;123;357;123
358;123;360;123
394;123;396;123
402;123;404;123
409;123;412;123
443;123;446;123
452;123;457;123
523;123;524;123
537;123;538;123
564;123;565;123
595;123;598;123
2;124;5;124
33;124;38;124
41;124;48;124
66;124;67;124
109;124;114;124
127;124;128;124
131;124;132;124
154;124;158;124
190;124;193;124
206;124;208;124
280;124;281;124
325;124;327;124
356;124;360;124
394;124;396;124
401;124;402;124
404;124;405;124
409;124;412;124
443;124;447;124
451;124;457;124
522;124;524;124
537;124;538;124
540;124;541;124
549;124;550;124
563;124;564;124
566;124;567;124
595;124;598;124
2;125;5;125
33;125;38;125
40;125;49;125
108;125;109;125
157;125;158;125
190;125;193;125
198;125;199;125
202;125;203;125
206;125;208;125
251;125;253;125
280;125;281;125
324;125;325;125
337;125;338;125
339;125;340;125
343;125;345;125
359;125;362;125
394;125;396;125
401;125;402;125
404;125;405;125
409;125;412;125
442;125;448;125
451;125;458;125
519;125;522;125
537;125;538;125
541;125;543;125
549;125;550;125
562;125;563;125
565;125;567;125
595;125;598;125
2;126;5;126
33;126;39;126
47;126;49;126
106;126;108;126
139;126;140;126
153;126;158;126
190;126;193;126
196;126;203;126
206;126;208;126
242;126;243;126
251;126;253;126
279;126;280;126
323;126;324;126
336;126;337;126
340;126;341;126
345;126;346;126
358;126;363;126
394;126;396;126
401;126;405;126
409;126;412;126
442;126;448;126
450;126;458;126
518;126;519;126
537;126;538;126
564;126;565;126
566;126;567;126
595;126;598;126
2;127;5;127
33;127;39;127
48;127;49;127
106;127;107;127
130;127;131;127
139;127;140;127
157;127;160;127
190;127;193;127
197;127;202;127
206;127;208;127
241;127;244;127
251;127;254;127
279;127;280;127
322;127;323;127
335;127;338;127
345;127;346;127
363;127;364;127
394;127;396;127
402;127;404;127
409;127;412;127
442;127;450;127
456;127;459;127
517;127;518;127
537;127;538;127
549;127;550;127
563;127;564;127
566;127;567;127
595;127;598;127
2;128;5;128
32;128;40;128
49;128;50;128
105;128;106;128
127;128;128;128
130;128;131;128
134;128;135;128
139;128;140;128
156;128;163;128
190;128;193;128
198;128;199;128
206;128;208;128
241;128;244;128
251;128;254;128
278;128;279;128
338;128;339;128
342;128;343;128
344;128;345;128
348;128;349;128
364;128;365;128
394;128;396;128
403;128;404;128
409;128;412;128
442;128;449;128
458;128;459;128
516;128;517;128
537;128;538;128
539;128;544;128
549;128;550;128
565;128;567;128
595;128;598;128
2;129;5;129
32;129;40;129
50;129;51;129
105;129;106;129
127;129;128;129
130;129;135;129
163;129;164;129
190;129;193;129
198;129;199;129
206;129;208;129
241;129;244;129
250;129;255;129
277;129;278;129
321;129;322;129
343;129;344;129
347;129;348;129
364;129;365;129
394;129;396;129
400;129;401;129
402;129;403;129
404;129;405;129
409;129;412;129
442;129;449;129
459;129;460;129
516;129;517;129
538;129;540;129
541;129;542;129
543;129;546;129
549;129;550;129
564;129;565;129
566;129;569;129
595;129;598;129
2;130;5;130
32;130;39;130
49;130;51;130
105;130;106;130
130;130;131;130
134;130;135;130
159;130;161;130
162;130;163;130
164;130;165;130
190;130;193;130
198;130;203;130
206;130;208;130
241;130;245;130
250;130;255;130
277;130;278;130
321;130;322;130
335;130;336;130
339;130;340;130
347;130;348;130
364;130;365;130
394;130;396;130
399;130;401;130
402;130;403;130
404;130;405;130
409;130;412;130
442;130;449;130
459;130;460;130
515;130;516;130
537;130;547;130
549;130;550;130
566;130;568;130
569;130;572;130
595;130;598;130
2;131;5;131
32;131;33;131
35;131;38;131
44;131;46;131
48;131;49;131
51;131;52;131
105;131;106;131
114;131;115;131
128;131;129;131
138;131;139;131
190;131;193;131
198;131;199;131
200;131;202;131
206;131;208;131
240;131;246;131
250;131;256;131
276;131;277;131
318;131;322;131
335;131;336;131
339;131;340;131
347;131;348;131
364;131;365;131
394;131;396;131
400;131;403;131
404;131;405;131
409;131;412;131
442;131;449;131
458;131;461;131
515;131;516;131
537;131;540;131
541;131;542;131
543;131;547;131
565;131;566;131
569;131;570;131
572;131;573;131
595;131;598;131
2;132;5;132
31;132;32;132
43;132;45;132
51;132;52;132
106;132;107;132
113;132;116;132
121;132;122;132
128;132;129;132
138;132;139;132
161;132;166;132
190;132;193;132
206;132;208;132
240;132;246;132
247;132;257;132
275;132;276;132
316;132;318;132
335;132;336;132
364;132;365;132
394;132;396;132
409;132;412;132
442;132;447;132
455;132;456;132
458;132;459;132
515;132;516;132
537;132;538;132
539;132;545;132
546;132;547;132
548;132;549;132
567;132;569;132
571;132;572;132
573;132;574;132
595;132;598;132
2;133;5;133
31;133;32;133
33;133;34;133
51;133;52;133
107;133;113;133
117;133;121;133
123;133;125;133
127;133;130;133
137;133;139;133
165;133;166;133
190;133;193;133
198;133;200;133
201;133;202;133
206;133;208;133
240;133;247;133
254;133;257;133
274;133;275;133
315;133;316;133
335;133;336;133
347;133;348;133
361;133;362;133
363;133;365;133
394;133;396;133
409;133;412;133
441;133;442;133
453;133;455;133
460;133;462;133
516;133;517;133
523;133;526;133
532;133;533;133
545;133;546;133
548;133;549;133
570;133;571;133
573;133;574;133
595;133;598;133
2;134;5;134
31;134;32;134
33;134;34;134
51;134;53;134
125;134;127;134
129;134;132;134
135;134;137;134
138;134;139;134
146;134;147;134
162;134;165;134
190;134;193;134
197;134;200;134
202;134;203;134
206;134;208;134
240;134;247;134
256;134;257;134
273;134;274;134
314;134;315;134
335;134;336;134
347;134;348;134
364;134;365;134
394;134;396;134
402;134;404;134
409;134;412;134
441;134;443;134
461;134;462;134
516;134;518;134
521;134;523;134
526;134;528;134
530;134;532;134
533;134;534;134
538;134;539;134
548;134;549;134
569;134;570;134
572;134;574;134
595;134;598;134
2;135;5;135
32;135;33;135
52;135;54;135
137;135;138;135
139;135;141;135
144;135;146;135
147;135;148;135
154;135;156;135
163;135;165;135
190;135;193;135
197;135;200;135
202;135;203;135
206;135;208;135
240;135;247;135
257;135;258;135
272;135;273;135
313;135;314;135
335;135;336;135
338;135;339;135
340;135;342;135
347;135;348;135
362;135;368;135
394;135;396;135
400;135;403;135
404;135;405;135
409;135;412;135
441;135;443;135
461;135;463;135
518;135;519;135
534;135;535;135
537;135;540;135
547;135;549;135
571;135;572;135
573;135;574;135
595;135;598;135
2;136;5;136
33;136;35;136
54;136;55;136
125;136;126;136
129;136;130;136
136;136;138;136
142;136;143;136
144;136;154;136
156;136;163;136
190;136;193;136
198;136;202;136
206;136;208;136
240;136;247;136
258;136;259;136
270;136;272;136
313;136;314;136
335;136;336;136
338;136;339;136
341;136;343;136
347;136;348;136
367;136;370;136
394;136;396;136
400;136;402;136
404;136;405;136
409;136;412;136
441;136;442;136
463;136;464;136
535;136;536;136
538;136;539;136
541;136;546;136
547;136;548;136
549;136;550;136
555;136;558;136
564;136;566;136
572;136;573;136
595;136;598;136
2;137;5;137
54;137;55;137
125;137;126;137
131;137;135;137
137;137;138;137
140;137;141;137
144;137;149;137
190;137;193;137
199;137;201;137
206;137;208;137
240;137;247;137
258;137;259;137
313;137;314;137
335;137;336;137
338;137;339;137
341;137;343;137
346;137;347;137
370;137;371;137
394;137;396;137
401;137;402;137
409;137;412;137
442;137;443;137
444;137;445;137
464;137;465;137
535;137;537;137
539;137;540;137
547;137;548;137
550;137;556;137
558;137;559;137
562;137;564;137
566;137;572;137
595;137;598;137
2;138;5;138
54;138;55;138
125;138;126;138
127;138;128;138
137;138;138;138
140;138;141;138
144;138;150;138
190;138;193;138
199;138;202;138
206;138;208;138
240;138;246;138
253;138;254;138
256;138;259;138
313;138;314;138
322;138;323;138
338;138;340;138
342;138;343;138
346;138;347;138
370;138;372;138
394;138;396;138
401;138;405;138
409;138;412;138
443;138;444;138
464;138;465;138
536;138;537;138
538;138;539;138
540;138;542;138
546;138;548;138
549;138;550;138
554;138;559;138
595;138;598;138
2;139;5;139
54;139;55;139
125;139;126;139
137;139;138;139
140;139;141;139
144;139;150;139
190;139;193;139
198;139;203;139
206;139;208;139
251;139;253;139
259;139;260;139
314;139;315;139
320;139;322;139
323;139;324;139
329;139;331;139
336;139;337;139
346;139;347;139
371;139;372;139
394;139;396;139
400;139;401;139
404;139;405;139
409;139;412;139
443;139;444;139
464;139;465;139
554;139;559;139
595;139;598;139
2;140;5;140
54;140;55;140
125;140;126;140
137;140;138;140
140;140;141;140
144;140;151;140
190;140;193;140
197;140;199;140
202;140;203;140
206;140;208;140
239;140;241;140
259;140;260;140
315;140;319;140
324;140;329;140
331;140;333;140
335;140;338;140
346;140;347;140
371;140;372;140
394;140;396;140
400;140;405;140
409;140;412;140
443;140;444;140
464;140;465;140
534;140;536;140
547;140;548;140
554;140;560;140
595;140;598;140
2;141;5;141
52;141;54;141
62;141;64;141
137;141;138;141
140;141;141;141
144;141;151;141
190;141;193;141
198;141;199;141
201;141;203;141
206;141;208;141
239;141;242;141
259;141;260;141
333;141;335;141
337;141;339;141
344;141;347;141
354;141;355;141
371;141;372;141
394;141;396;141
401;141;404;141
409;141;412;141
443;141;444;141
463;141;464;141
534;141;536;141
554;141;560;141
595;141;598;141
2;142;5;142
50;142;51;142
61;142;62;142
129;142;130;142
140;142;141;142
144;142;151;142
190;142;193;142
196;142;203;142
206;142;208;142
239;142;240;142
260;142;261;142
334;142;335;142
339;142;344;142
346;142;348;142
353;142;356;142
361;142;365;142
369;142;371;142
394;142;396;142
401;142;404;142
409;142;412;142
443;142;444;142
459;142;464;142
534;142;535;142
546;142;547;142
549;142;550;142
554;142;560;142
595;142;598;142
2;143;5;143
54;143;55;143
58;143;60;143
124;143;125;143
139;143;140;143
144;143;151;143
190;143;193;143
206;143;208;143
240;143;243;143
261;143;262;143
337;143;338;143
345;143;346;143
348;143;354;143
356;143;361;143
365;143;370;143
394;143;396;143
400;143;401;143
404;143;405;143
409;143;412;143
443;143;444;143
463;143;464;143
534;143;535;143
546;143;547;143
549;143;550;143
554;143;560;143
595;143;598;143
2;144;5;144
32;144;34;144
50;144;51;144
54;144;58;144
124;144;125;144
129;144;130;144
136;144;137;144
139;144;140;144
144;144;151;144
190;144;193;144
206;144;208;144
241;144;242;144
262;144;263;144
337;144;346;144
352;144;357;144
394;144;396;144
400;144;401;144
404;144;405;144
409;144;412;144
443;144;444;144
463;144;464;144
534;144;535;144
546;144;547;144
549;144;550;144
554;144;560;144
595;144;598;144
2;145;5;145
29;145;35;145
49;145;50;145
54;145;55;145
124;145;125;145
136;145;137;145
139;145;140;145
141;145;142;145
144;145;150;145
190;145;193;145
196;145;203;145
206;145;208;145
241;145;242;145
262;145;263;145
333;145;334;145
336;145;337;145
345;145;346;145
352;145;357;145
394;145;396;145
401;145;405;145
409;145;412;145
442;145;444;145
460;145;461;145
464;145;465;145
534;145;535;145
546;145;547;145
549;145;550;145
554;145;560;145
595;145;598;145
2;146;5;146
27;146;33;146
34;146;37;146
49;146;51;146
53;146;54;146
64;146;65;146
126;146;127;146
136;146;137;146
139;146;140;146
141;146;142;146
144;146;150;146
190;146;193;146
206;146;208;146
241;146;242;146
262;146;263;146
281;146;282;146
333;146;335;146
336;146;337;146
345;146;346;146
353;146;358;146
394;146;396;146
401;146;402;146
409;146;412;146
439;146;444;146
459;146;461;146
464;146;466;146
533;146;534;146
545;146;546;146
549;146;550;146
554;146;560;146
595;146;598;146
2;147;5;147
26;147;33;147
37;147;39;147
53;147;54;147
64;147;65;147
126;147;127;147
128;147;129;147
136;147;137;147
141;147;142;147
144;147;150;147
190;147;193;147
206;147;208;147
241;147;242;147
261;147;262;147
278;147;280;147
281;147;282;147
333;147;335;147
336;147;337;147
353;147;358;147
394;147;396;147
400;147;403;147
404;147;405;147
409;147;412;147
437;147;446;147
464;147;465;147
466;147;468;147
533;147;534;147
535;147;536;147
545;147;546;147
548;147;549;147
554;147;560;147
595;147;598;147
2;148;5;148
26;148;33;148
35;148;36;148
38;148;41;148
53;148;54;148
64;148;65;148
123;148;124;148
126;148;127;148
128;148;129;148
136;148;137;148
140;148;141;148
144;148;150;148
190;148;193;148
196;148;203;148
206;148;208;148
241;148;242;148
259;148;262;148
276;148;278;148
281;148;282;148
332;148;333;148
334;148;335;148
344;148;345;148
353;148;358;148
394;148;396;148
400;148;401;148
403;148;405;148
409;148;412;148
437;148;443;148
446;148;448;148
464;148;465;148
467;148;468;148
533;148;534;148
535;148;536;148
545;148;546;148
548;148;549;148
550;148;551;148
554;148;560;148
595;148;598;148
2;149;5;149
25;149;33;149
36;149;37;149
40;149;42;149
50;149;55;149
64;149;65;149
84;149;87;149
123;149;124;149
126;149;127;149
128;149;129;149
135;149;136;149
144;149;150;149
190;149;193;149
206;149;208;149
241;149;242;149
257;149;259;149
261;149;262;149
275;149;276;149
281;149;282;149
332;149;335;149
344;149;345;149
352;149;358;149
394;149;396;149
400;149;402;149
404;149;405;149
409;149;412;149
436;149;443;149
448;149;450;149
463;149;466;149
467;149;468;149
494;149;500;149
535;149;536;149
537;149;538;149
545;149;546;149
548;149;549;149
550;149;551;149
554;149;560;149
595;149;598;149
2;150;5;150
25;150;33;150
38;150;39;150
42;150;48;150
51;150;52;150
53;150;55;150
63;150;65;150
82;150;84;150
88;150;95;150
123;150;124;150
128;150;129;150
135;150;136;150
138;150;139;150
140;150;141;150
144;150;150;150
190;150;193;150
206;150;208;150
241;150;242;150
273;150;274;150
281;150;282;150
332;150;333;150
334;150;335;150
336;150;337;150
344;150;345;150
352;150;358;150
394;150;396;150
409;150;412;150
436;150;443;150
445;150;446;150
450;150;452;150
460;150;465;150
466;150;470;150
492;150;494;150
500;150;506;150
535;150;536;150
537;150;538;150
547;150;548;150
550;150;551;150
554;150;560;150
595;150;598;150
2;151;5;151
25;151;33;151
38;151;40;151
44;151;46;151
51;151;55;151
62;151;63;151
65;151;66;151
80;151;82;151
94;151;101;151
123;151;124;151
127;151;128;151
135;151;136;151
138;151;139;151
140;151;141;151
144;151;150;151
190;151;193;151
196;151;203;151
206;151;208;151
240;151;242;151
258;151;259;151
262;151;263;151
272;151;273;151
281;151;282;151
332;151;333;151
336;151;337;151
344;151;345;151
352;151;358;151
394;151;396;151
409;151;412;151
435;151;442;151
447;151;448;151
452;151;453;151
456;151;459;151
461;151;467;151
469;151;470;151
490;151;492;151
506;151;512;151
532;151;533;151
535;151;536;151
537;151;538;151
544;151;545;151
547;151;548;151
550;151;551;151
554;151;560;151
595;151;598;151
2;152;5;152
25;152;32;152
39;152;43;152
46;152;47;152
48;152;51;152
52;152;57;152
62;152;64;152
65;152;66;152
78;152;80;152
101;152;108;152
122;152;123;152
127;152;128;152
135;152;136;152
140;152;141;152
144;152;150;152
190;152;193;152
198;152;199;152
201;152;203;152
206;152;208;152
238;152;242;152
257;152;259;152
262;152;264;152
272;152;273;152
281;152;282;152
334;152;335;152
347;152;348;152
349;152;350;152
352;152;358;152
394;152;396;152
401;152;402;152
403;152;404;152
409;152;412;152
435;152;442;152
448;152;449;152
453;152;455;152
461;152;467;152
488;152;490;152
512;152;518;152
532;152;533;152
535;152;537;152
544;152;545;152
547;152;548;152
550;152;551;152
554;152;560;152
595;152;598;152
2;153;5;153
25;153;32;153
40;153;41;153
42;153;43;153
47;153;48;153
55;153;57;153
62;153;66;153
76;153;78;153
107;153;115;153
122;153;123;153
127;153;128;153
140;153;141;153
144;153;150;153
190;153;193;153
197;153;199;153
202;153;203;153
206;153;208;153
236;153;241;153
242;153;244;153
258;153;259;153
262;153;263;153
264;153;265;153
272;153;273;153
281;153;282;153
331;153;332;153
334;153;335;153
343;153;344;153
347;153;348;153
352;153;358;153
394;153;396;153
401;153;402;153
409;153;412;153
435;153;442;153
449;153;450;153
452;153;453;153
455;153;456;153
461;153;466;153
467;153;468;153
486;153;488;153
517;153;523;153
532;153;533;153
536;153;537;153
544;153;545;153
547;153;548;153
549;153;550;153
554;153;560;153
595;153;598;153
2;154;5;154
25;154;32;154
42;154;43;154
48;154;49;154
55;154;57;154
62;154;64;154
65;154;66;154
73;154;76;154
115;154;123;154
134;154;135;154
140;154;141;154
144;154;150;154
190;154;193;154
198;154;203;154
206;154;208;154
235;154;241;154
244;154;246;154
262;154;263;154
265;154;266;154
281;154;282;154
331;154;332;154
334;154;335;154
343;154;344;154
346;154;347;154
352;154;358;154
394;154;396;154
401;154;404;154
409;154;412;154
435;154;442;154
450;154;453;154
456;154;458;154
463;154;466;154
468;154;469;154
470;154;471;154
484;154;486;154
523;154;529;154
531;154;532;154
544;154;545;154
546;154;547;154
549;154;550;154
554;154;559;154
595;154;598;154
2;155;5;155
25;155;32;155
44;155;46;155
49;155;52;155
56;155;58;155
63;155;66;155
71;155;73;155
122;155;129;155
134;155;135;155
139;155;141;155
144;155;150;155
190;155;193;155
199;155;201;155
206;155;208;155
235;155;241;155
246;155;248;155
260;155;264;155
265;155;266;155
281;155;282;155
295;155;301;155
331;155;332;155
334;155;336;155
343;155;344;155
346;155;347;155
348;155;349;155
352;155;358;155
394;155;396;155
409;155;412;155
435;155;442;155
452;155;453;155
457;155;458;155
463;155;467;155
468;155;469;155
470;155;471;155
482;155;484;155
529;155;536;155
549;155;550;155
554;155;559;155
595;155;598;155
2;156;5;156
25;156;32;156
40;156;42;156
47;156;49;156
50;156;51;156
52;156;53;156
56;156;58;156
65;156;66;156
69;156;71;156
128;156;136;156
139;156;140;156
144;156;150;156
190;156;193;156
206;156;208;156
234;156;240;156
243;156;245;156
248;156;249;156
257;156;262;156
265;156;268;156
281;156;283;156
293;156;295;156
300;156;307;156
331;156;332;156
333;156;334;156
335;156;336;156
343;156;344;156
348;156;349;156
352;156;358;156
394;156;396;156
409;156;412;156
435;156;442;156
453;156;454;156
458;156;459;156
464;156;465;156
466;156;468;156
469;156;470;156
471;156;472;156
480;156;482;156
534;156;540;156
543;156;544;156
549;156;550;156
553;156;559;156
595;156;598;156
2;157;5;157
25;157;32;157
41;157;44;157
45;157;48;157
51;157;52;157
56;157;57;157
66;157;69;157
136;157;150;157
190;157;193;157
201;157;203;157
206;157;208;157
234;157;240;157
244;157;245;157
250;157;251;157
253;157;256;157
259;157;260;157
262;157;264;157
267;157;273;157
280;157;283;157
290;157;293;157
307;157;313;157
334;157;336;157
348;157;349;157
352;157;358;157
394;157;396;157
409;157;412;157
435;157;442;157
454;157;456;157
459;157;460;157
464;157;468;157
470;157;472;157
478;157;480;157
540;157;547;157
549;157;550;157
553;157;559;157
595;157;598;157
2;158;5;158
25;158;32;158
43;158;46;158
51;158;52;158
53;158;56;158
65;158;67;158
142;158;150;158
190;158;193;158
206;158;208;158
234;158;240;158
245;158;246;158
251;158;253;158
259;158;260;158
261;158;263;158
264;158;265;158
267;158;268;158
272;158;273;158
280;158;282;158
288;158;291;158
312;158;318;158
333;158;334;158
335;158;336;158
343;158;344;158
345;158;346;158
348;158;349;158
351;158;358;158
394;158;396;158
409;158;412;158
435;158;442;158
455;158;457;158
460;158;461;158
465;158;466;158
468;158;469;158
470;158;471;158
472;158;473;158
476;158;478;158
545;158;551;158
552;158;559;158
595;158;598;158
2;159;5;159
25;159;32;159
53;159;56;159
62;159;65;159
149;159;156;159
190;159;193;159
198;159;200;159
206;159;208;159
234;159;240;159
246;159;247;159
250;159;251;159
252;159;253;159
256;159;263;159
265;159;266;159
268;159;269;159
272;159;273;159
280;159;282;159
286;159;288;159
318;159;325;159
335;159;336;159
342;159;343;159
345;159;346;159
351;159;358;159
394;159;396;159
409;159;412;159
435;159;442;159
448;159;449;159
457;159;458;159
461;159;462;159
465;159;467;159
468;159;469;159
471;159;476;159
551;159;559;159
595;159;598;159
2;160;5;160
25;160;32;160
52;160;56;160
60;160;63;160
155;160;162;160
190;160;193;160
198;160;202;160
206;160;208;160
234;160;240;160
247;160;251;160
253;160;256;160
260;160;264;160
266;160;267;160
272;160;273;160
280;160;281;160
283;160;286;160
324;160;331;160
342;160;343;160
344;160;345;160
351;160;357;160
394;160;396;160
409;160;412;160
435;160;442;160
449;160;450;160
458;160;459;160
461;160;463;160
466;160;467;160
469;160;470;160
471;160;474;160
557;160;562;160
595;160;598;160
2;161;5;161
25;161;32;161
52;161;53;161
55;161;57;161
58;161;61;161
163;161;170;161
190;161;193;161
199;161;203;161
206;161;208;161
234;161;240;161
250;161;251;161
255;161;256;161
261;161;262;161
263;161;265;161
266;161;267;161
272;161;273;161
282;161;284;161
331;161;336;161
342;161;343;161
347;161;348;161
351;161;357;161
394;161;396;161
409;161;412;161
435;161;441;161
449;161;450;161
459;161;460;161
462;161;463;161
466;161;468;161
469;161;472;161
479;161;483;161
563;161;569;161
595;161;598;161
2;162;5;162
25;162;32;162
50;162;52;162
55;162;58;162
170;162;177;162
190;162;193;162
198;162;200;162
206;162;208;162
234;162;240;162
250;162;251;162
256;162;257;162
262;162;263;162
264;162;265;162
267;162;268;162
269;162;270;162
272;162;273;162
282;162;283;162
336;162;343;162
347;162;348;162
351;162;357;162
394;162;396;162
409;162;412;162
435;162;441;162
443;162;444;162
449;162;451;162
460;162;461;162
463;162;464;162
467;162;470;162
478;162;479;162
483;162;486;162
569;162;575;162
595;162;598;162
2;163;5;163
26;163;32;163
37;163;39;163
49;163;51;163
54;163;56;163
176;163;183;163
190;163;193;163
198;163;202;163
206;163;208;163
234;163;240;163
251;163;253;163
257;163;258;163
262;163;263;163
264;163;266;163
267;163;268;163
269;163;270;163
272;163;273;163
283;163;284;163
342;163;348;163
351;163;357;163
394;163;396;163
409;163;412;163
435;163;442;163
443;163;444;163
450;163;451;163
461;163;462;163
463;163;468;163
476;163;478;163
485;163;489;163
574;163;580;163
595;163;598;163
2;164;5;164
26;164;32;164
40;164;44;164
46;164;49;164
51;164;54;164
184;164;193;164
200;164;203;164
206;164;208;164
234;164;240;164
253;164;254;164
258;164;259;164
262;164;264;164
265;164;266;164
268;164;269;164
270;164;271;164
272;164;273;164
283;164;284;164
348;164;357;164
394;164;396;164
409;164;412;164
435;164;442;164
443;164;444;164
450;164;451;164
455;164;456;164
463;164;466;164
474;164;476;164
490;164;494;164
580;164;586;164
595;164;598;164
2;165;5;165
26;165;33;165
49;165;52;165
190;165;193;165
198;165;202;165
206;165;208;165
234;165;240;165
248;165;250;165
254;165;256;165
259;165;260;165
263;165;267;165
270;165;271;165
272;165;273;165
281;165;283;165
354;165;360;165
394;165;396;165
409;165;412;165
435;165;442;165
443;165;444;165
450;165;459;165
460;165;464;165
472;165;474;165
494;165;497;165
585;165;591;165
595;165;598;165
2;166;5;166
26;166;33;166
47;166;50;166
190;166;193;166
198;166;199;166
206;166;208;166
234;166;240;166
250;166;252;166
256;166;257;166
259;166;261;166
263;166;264;166
266;166;268;166
269;166;273;166
280;166;281;166
360;166;366;166
394;166;396;166
400;166;401;166
402;166;404;166
409;166;412;166
435;166;442;166
444;166;445;166
454;166;457;166
460;166;462;166
470;166;472;166
495;166;497;166
591;166;598;166
2;167;5;167
26;167;33;167
45;167;48;167
190;167;193;167
198;167;200;167
206;167;208;167
234;167;239;167
252;167;254;167
257;167;258;167
260;167;261;167
264;167;266;167
267;167;271;167
273;167;274;167
279;167;280;167
365;167;372;167
394;167;396;167
400;167;402;167
404;167;405;167
409;167;412;167
435;167;442;167
444;167;445;167
454;167;456;167
461;167;462;167
471;167;472;167
494;167;496;167
595;167;598;167
2;168;5;168
26;168;33;168
43;168;46;168
190;168;193;168
198;168;202;168
206;168;208;168
234;168;240;168
254;168;255;168
258;168;259;168
261;168;262;168
264;168;266;168
267;168;269;168
277;168;278;168
371;168;377;168
394;168;396;168
401;168;402;168
409;168;412;168
436;168;442;168
445;168;446;168
453;168;455;168
459;168;462;168
472;168;474;168
493;168;495;168
595;168;598;168
2;169;5;169
27;169;33;169
40;169;43;169
190;169;193;169
199;169;203;169
206;169;208;169
234;169;239;169
256;169;260;169
262;169;266;169
274;169;276;169
378;169;384;169
394;169;396;169
401;169;402;169
409;169;412;169
436;169;442;169
445;169;446;169
453;169;455;169
457;169;462;169
475;169;478;169
492;169;493;169
595;169;598;169
2;170;5;170
27;170;33;170
38;170;41;170
190;170;193;170
198;170;200;170
206;170;208;170
234;170;240;170
258;170;264;170
383;170;389;170
394;170;396;170
401;170;404;170
409;170;412;170
436;170;442;170
445;170;446;170
451;170;453;170
455;170;456;170
457;170;461;170
478;170;481;170
491;170;492;170
595;170;598;170
2;171;5;171
27;171;33;171
36;171;39;171
190;171;193;171
198;171;202;171
206;171;208;171
234;171;240;171
261;171;264;171
390;171;396;171
403;171;404;171
409;171;412;171
436;171;442;171
446;171;448;171
449;171;451;171
456;171;459;171
481;171;484;171
490;171;491;171
595;171;598;171
2;172;5;172
27;172;37;172
190;172;193;172
200;172;203;172
206;172;208;172
234;172;240;172
245;172;246;172
264;172;269;172
394;172;396;172
402;172;403;172
409;172;412;172
436;172;442;172
447;172;449;172
484;172;487;172
488;172;490;172
595;172;598;172
2;173;5;173
28;173;35;173
190;173;193;173
198;173;202;173
206;173;208;173
234;173;240;173
246;173;249;173
263;173;266;173
270;173;272;173
394;173;396;173
409;173;412;173
436;173;443;173
445;173;447;173
487;173;488;173
595;173;598;173
2;174;5;174
28;174;32;174
190;174;193;174
206;174;208;174
235;174;240;174
248;174;251;174
265;174;266;174
270;174;273;174
394;174;396;174
402;174;403;174
409;174;412;174
437;174;445;174
595;174;598;174
2;175;5;175
28;175;30;175
190;175;193;175
198;175;200;175
206;175;208;175
235;175;240;175
250;175;253;175
263;175;264;175
265;175;266;175
270;175;273;175
394;175;396;175
409;175;412;175
437;175;443;175
595;175;598;175
2;176;5;176
25;176;28;176
190;176;193;176
199;176;203;176
206;176;208;176
235;176;240;176
248;176;250;176
255;176;258;176
263;176;264;176
269;176;270;176
271;176;272;176
394;176;396;176
401;176;404;176
409;176;412;176
437;176;441;176
595;176;598;176
2;177;5;177
23;177;26;177
190;177;193;177
199;177;203;177
206;177;208;177
235;177;240;177
246;177;249;177
259;177;262;177
263;177;268;177
269;177;272;177
394;177;396;177
401;177;403;177
409;177;412;177
437;177;439;177
595;177;598;177
2;178;5;178
21;178;24;178
190;178;193;178
198;178;200;178
206;178;208;178
235;178;240;178
244;178;246;178
268;178;270;178
394;178;396;178
401;178;402;178
409;178;412;178
434;178;437;178
595;178;598;178
2;179;5;179
19;179;22;179
190;179;193;179
198;179;202;179
206;179;208;179
235;179;240;179
242;179;244;179
394;179;396;179
401;179;404;179
409;179;412;179
432;179;435;179
595;179;598;179
2;180;5;180
17;180;19;180
190;180;193;180
200;180;203;180
206;180;208;180
236;180;242;180
394;180;396;180
409;180;412;180
431;180;434;180
595;180;598;180
2;181;5;181
16;181;19;181
190;181;193;181
198;181;201;181
206;181;208;181
236;181;240;181
394;181;396;181
409;181;412;181
431;181;432;181
433;181;436;181
595;181;598;181
2;182;5;182
16;182;17;182
19;182;21;182
190;182;193;182
206;182;208;182
235;182;238;182
394;182;396;182
402;182;403;182
409;182;412;182
431;182;432;182
435;182;438;182
595;182;598;182
2;183;5;183
16;183;17;183
21;183;24;183
190;183;193;183
206;183;208;183
235;183;238;183
394;183;396;183
401;183;404;183
409;183;412;183
431;183;432;183
438;183;441;183
595;183;598;183
2;184;5;184
16;184;18;184
24;184;27;184
190;184;193;184
206;184;208;184
235;184;236;184
238;184;242;184
394;184;396;184
409;184;412;184
432;184;435;184
441;184;443;184
595;184;598;184
2;185;5;185
18;185;20;185
27;185;30;185
190;185;193;185
206;185;209;185
235;185;236;185
242;185;245;185
394;185;396;185
401;185;404;185
409;185;412;185
434;185;437;185
443;185;446;185
595;185;598;185
2;186;193;186
206;186;396;186
409;186;598;186
2;187;193;187
206;187;396;187
409;187;598;187
3;188;192;188
206;188;396;188
409;188;597;188
5;196;9;196
17;196;21;196
52;196;54;196
62;196;64;196
96;196;97;196
117;196;119;196
120;196;125;196
128;196;130;196
148;196;150;196
166;196;167;196
171;196;172;196
174;196;180;196
183;196;186;196
196;196;197;196
4;197;6;197
9;197;11;197
16;197;19;197
20;197;22;197
38;197;40;197
42;197;44;197
51;197;54;197
62;197;64;197
96;197;97;197
117;197;118;197
120;197;126;197
139;197;140;197
148;197;150;197
166;197;167;197
171;197;172;197
174;197;180;197
182;197;184;197
185;197;188;197
196;197;197;197
3;198;5;198
6;198;9;198
10;198;12;198
16;198;17;198
21;198;22;198
25;198;28;198
32;198;35;198
38;198;41;198
42;198;45;198
51;198;55;198
59;198;64;198
66;198;70;198
72;198;77;198
78;198;80;198
83;198;87;198
96;198;97;198
99;198;104;198
107;198;110;198
117;198;118;198
120;198;121;198
125;198;127;198
128;198;130;198
132;198;136;198
138;198;141;198
148;198;153;198
155;198;157;198
160;198;161;198
166;198;167;198
171;198;172;198
174;198;176;198
181;198;183;198
186;198;188;198
196;198;197;198
199;198;204;198
207;198;210;198
3;199;4;199
5;199;6;199
11;199;12;199
16;199;19;199
24;199;29;199
31;199;33;199
34;199;36;199
38;199;40;199
42;199;44;199
51;199;52;199
53;199;55;199
58;199;64;199
65;199;67;199
68;199;70;199
72;199;78;199
79;199;81;199
82;199;84;199
86;199;88;199
96;199;97;199
99;199;104;199
106;199;111;199
116;199;118;199
120;199;121;199
125;199;127;199
128;199;130;199
131;199;133;199
135;199;137;199
138;199;141;199
148;199;151;199
152;199;154;199
155;199;157;199
159;199;161;199
166;199;167;199
171;199;172;199
174;199;176;199
181;199;184;199
196;199;197;199
199;199;205;199
207;199;211;199
3;200;4;200
5;200;6;200
11;200;12;200
17;200;22;200
24;200;26;200
30;200;32;200
35;200;37;200
38;200;40;200
42;200;44;200
50;200;52;200
54;200;55;200
58;200;60;200
62;200;64;200
69;200;70;200
72;200;74;200
76;200;77;200
80;200;81;200
82;200;84;200
96;200;97;200
99;200;101;200
103;200;104;200
106;200;108;200
116;200;118;200
120;200;121;200
125;200;127;200
128;200;130;200
131;200;133;200
139;200;140;200
148;200;150;200
153;200;154;200
156;200;157;200
159;200;160;200
166;200;167;200
171;200;172;200
174;200;180;200
182;200;187;200
196;200;197;200
199;200;201;200
203;200;205;200
206;200;208;200
3;201;4;201
5;201;7;201
11;201;12;201
20;201;23;201
24;201;25;201
30;201;32;201
35;201;37;201
38;201;40;201
42;201;44;201
50;201;52;201
53;201;56;201
58;201;59;201
62;201;64;201
66;201;70;201
72;201;74;201
76;201;77;201
80;201;81;201
83;201;87;201
96;201;97;201
99;201;100;201
103;201;104;201
106;201;107;201
116;201;117;201
120;201;121;201
125;201;127;201
128;201;130;201
132;201;136;201
139;201;140;201
148;201;150;201
153;201;154;201
156;201;158;201
159;201;160;201
166;201;167;201
171;201;172;201
174;201;176;201
185;201;188;201
196;201;197;201
199;201;201;201
203;201;205;201
206;201;208;201
3;202;5;202
6;202;9;202
10;202;11;202
16;202;17;202
21;202;23;202
24;202;26;202
30;202;32;202
35;202;37;202
38;202;40;202
42;202;44;202
50;202;56;202
58;202;60;202
62;202;64;202
65;202;67;202
69;202;70;202
72;202;74;202
76;202;77;202
80;202;81;202
86;202;88;202
96;202;97;202
99;202;100;202
103;202;104;202
106;202;108;202
116;202;117;202
120;202;121;202
125;202;127;202
128;202;130;202
135;202;137;202
139;202;140;202
148;202;150;202
153;202;154;202
157;202;160;202
166;202;168;202
171;202;172;202
174;202;176;202
182;202;183;202
187;202;188;202
196;202;197;202
199;202;201;202
203;202;205;202
206;202;208;202
4;203;6;203
9;203;11;203
16;203;19;203
20;203;22;203
24;203;29;203
31;203;33;203
34;203;36;203
38;203;40;203
42;203;44;203
49;203;51;203
55;203;57;203
58;203;64;203
65;203;67;203
68;203;70;203
72;203;74;203
76;203;77;203
80;203;81;203
82;203;84;203
86;203;88;203
89;203;91;203
96;203;97;203
99;203;100;203
103;203;104;203
106;203;111;203
113;203;114;203
115;203;117;203
120;203;126;203
128;203;130;203
131;203;133;203
135;203;137;203
139;203;141;203
142;203;144;203
148;203;151;203
152;203;154;203
157;203;159;203
166;203;169;203
170;203;172;203
174;203;176;203
182;203;184;203
185;203;188;203
190;203;191;203
196;203;197;203
199;203;201;203
203;203;205;203
206;203;211;203
213;203;215;203
5;204;9;204
17;204;21;204
25;204;28;204
32;204;35;204
39;204;41;204
43;204;45;204
49;204;51;204
55;204;57;204
59;204;64;204
65;204;68;204
69;204;70;204
72;204;74;204
76;204;77;204
80;204;81;204
83;204;87;204
89;204;91;204
96;204;97;204
99;204;100;204
103;204;104;204
107;204;110;204
113;204;114;204
115;204;116;204
120;204;125;204
128;204;130;204
132;204;136;204
139;204;141;204
142;204;144;204
148;204;153;204
157;204;159;204
167;204;171;204
174;204;176;204
183;204;187;204
190;204;191;204
196;204;197;204
199;204;201;204
203;204;205;204
207;204;210;204
213;204;215;204
90;205;91;205
157;205;159;205
190;205;191;205
156;206;158;206
